battery_power,blue,clock_speed,dual_sim,fc,four_g,int_memory,m_dep,n_cores,pc,ram,talk_time,three_g,touch_screen,wifi,price_range
842,0,2.2,0,1,0,7,0.6,2,2,2549,19,0,0,1,1
1021,1,0.5,1,0,1,53,0.7,3,6,2631,7,1,1,0,2
563,1,0.5,1,2,1,41,0.9,5,6,2603,9,1,1,0,2
615,1,2.5,0,0,0,10,0.8,6,9,2769,11,1,0,0,2
1821,1,1.2,0,13,1,44,0.6,2,14,1411,15,1,1,0,1
1859,0,0.5,1,3,0,22,0.7,1,7,1067,10,1,0,0,1
1821,0,1.7,0,4,1,10,0.8,8,10,3220,18,1,0,1,3
1954,0,0.5,1,0,0,24,0.8,4,0,700,5,1,1,1,0
1445,1,0.5,0,0,0,53,0.7,7,14,1099,20,1,0,0,0
509,1,0.6,1,2,1,9,0.1,5,15,513,12,1,0,0,0
769,1,2.9,1,0,0,9,0.1,5,1,3946,7,0,0,0,3
1520,1,2.2,0,5,1,33,0.5,8,18,3826,13,1,1,1,3
1815,0,2.8,0,2,0,33,0.6,4,17,1482,2,1,0,0,1
803,1,2.1,0,7,0,17,1.0,4,11,2680,4,1,0,1,2
1866,0,0.5,0,13,1,52,0.7,1,17,373,3,1,0,1,0
775,0,1.0,0,3,0,46,0.7,2,16,568,11,1,1,1,0
838,0,0.5,0,1,1,13,0.1,8,4,3554,19,1,0,1,3
595,0,0.9,1,7,1,23,0.1,3,17,3752,18,1,1,0,3
1131,1,0.5,1,11,0,49,0.6,5,18,1835,16,1,1,0,1
682,1,0.5,0,4,0,19,1.0,4,11,2337,18,0,1,1,1
772,0,1.1,1,12,0,39,0.8,7,14,2819,3,1,1,0,3
1709,1,2.1,0,1,0,13,1.0,2,2,3283,15,1,0,0,3
1949,0,2.6,1,4,0,47,0.3,4,7,1433,20,0,0,1,1
1602,1,2.8,1,4,1,38,0.7,3,20,1037,20,1,0,0,0
503,0,1.2,1,5,1,8,0.4,3,13,2583,12,1,0,0,1
961,1,1.4,1,0,1,57,0.6,8,3,2782,7,1,1,1,2
519,1,1.6,1,7,1,51,0.3,4,19,3763,4,1,0,1,3
956,0,0.5,0,1,1,41,1.0,7,6,3286,12,1,1,0,3
1453,0,1.6,1,12,1,52,0.3,2,18,2373,10,1,1,1,2
851,0,0.5,0,3,0,21,0.4,5,7,478,10,1,0,1,0
1579,1,0.5,1,0,0,5,0.2,7,9,3532,12,0,0,1,3
1568,1,0.5,0,16,0,33,1.0,8,20,508,6,1,1,1,0
1319,1,0.9,0,3,1,41,0.9,1,18,2227,3,1,1,1,1
1310,1,2.2,1,0,1,51,0.6,4,0,3845,12,1,1,0,3
644,1,2.7,0,0,0,22,0.7,8,3,1262,15,1,0,0,0
725,0,1.3,1,16,0,60,0.4,8,17,1326,15,1,0,0,1
589,1,2.3,1,1,0,61,0.6,4,10,2113,2,1,0,1,1
1725,1,1.6,1,6,1,6,0.5,2,18,3429,4,1,1,0,3
790,0,2.0,1,16,1,11,0.3,6,17,3169,2,1,0,1,2
560,0,0.5,1,15,0,50,0.3,2,20,2150,11,1,1,0,2
1347,0,2.9,0,5,0,44,0.6,1,14,2484,11,1,0,1,2
1646,1,2.3,0,8,1,41,0.2,2,10,3339,19,1,1,0,3
1253,1,0.5,1,5,1,5,0.2,2,19,1878,4,1,1,0,1
1656,0,1.0,0,5,1,34,0.1,3,7,1629,14,1,1,0,1
1195,1,2.8,0,1,1,20,0.8,2,14,504,12,1,1,0,0
1514,0,2.9,0,0,0,27,0.2,3,1,1152,20,0,1,1,1
1723,1,1.1,1,1,0,42,1.0,8,14,3587,3,1,0,0,3
1054,1,1.8,1,3,1,40,0.8,7,10,2296,12,1,0,1,1
578,1,2.6,1,2,1,57,0.2,8,8,1270,5,1,0,1,0
596,0,2.1,1,9,0,64,0.8,8,15,3238,10,0,0,0,3
1547,1,3.0,1,2,1,14,0.7,3,19,2059,15,1,0,1,2
1760,0,1.4,1,5,0,63,0.8,8,19,2053,16,0,1,0,2
1654,1,1.5,1,0,1,43,0.3,2,0,3112,10,1,1,0,3
1457,0,1.9,1,1,1,16,0.3,3,10,1440,12,1,0,1,1
1073,1,0.5,1,0,0,51,0.5,7,0,2908,18,0,1,0,2
1936,0,2.1,1,10,1,46,0.6,3,20,2552,13,1,0,0,2
823,1,2.7,1,13,0,60,0.5,8,19,905,17,1,1,1,0
987,0,1.3,1,0,1,61,0.4,3,9,3963,20,1,0,1,3
1757,0,0.5,0,8,0,49,0.5,6,14,2056,4,0,0,0,1
1063,0,1.4,1,2,1,48,1.0,5,4,2910,9,1,1,1,2
1484,0,3.0,0,3,0,12,0.6,3,5,1457,20,1,1,0,1
799,1,2.3,0,1,1,63,0.8,8,6,431,6,1,1,1,0
1156,1,1.2,1,0,1,50,0.8,2,0,470,15,1,1,0,0
1720,0,2.0,0,15,1,55,0.5,2,18,2148,5,1,1,1,2
702,0,2.6,1,2,1,9,0.7,3,3,2955,19,1,0,0,2
616,0,1.9,1,13,1,44,0.8,3,17,3366,13,1,1,0,3
1358,1,0.5,0,11,1,36,0.3,4,14,3068,4,1,1,0,3
1866,0,1.4,0,0,0,30,0.5,3,0,3834,8,0,0,0,3
1242,0,1.1,1,0,0,10,0.6,2,1,1050,4,1,0,1,0
1166,0,1.5,1,0,1,43,0.8,4,1,3993,7,1,1,0,3
1448,1,0.5,1,6,1,45,0.8,7,11,3378,2,1,1,1,3
1407,1,2.4,0,1,1,22,0.7,4,4,2192,13,1,0,1,2
605,0,1.0,0,8,1,9,0.1,3,16,392,4,1,0,0,0
1038,0,1.2,0,3,0,43,0.7,1,5,3709,12,1,1,1,3
797,1,2.9,1,4,0,38,0.5,4,6,590,6,0,1,0,0
819,0,0.6,1,8,1,42,0.9,6,20,1814,13,1,0,1,1
1114,0,2.8,0,4,1,9,0.4,3,15,907,17,1,1,0,0
1234,1,1.6,1,1,0,33,0.6,1,3,1449,6,0,0,1,0
1199,1,2.5,1,15,1,16,0.2,4,20,3448,10,1,0,1,3
1103,0,1.0,1,6,0,29,0.7,6,8,1837,16,0,1,1,1
1589,1,0.6,1,0,1,58,0.9,7,7,3464,6,1,1,1,3
999,0,2.9,1,11,1,64,0.2,4,19,2593,16,1,1,0,2
1510,1,0.9,1,2,0,45,0.9,5,3,3484,11,0,1,1,3
1008,0,0.8,0,11,0,61,1.0,3,15,2009,11,1,0,0,1
1127,1,2.9,1,5,1,57,0.8,1,13,2048,17,1,1,1,1
1412,1,2.4,0,5,0,25,0.8,8,17,837,4,0,0,1,1
1496,1,2.0,1,4,0,42,0.5,5,5,854,7,0,1,1,0
1083,1,2.9,1,1,1,64,0.8,3,11,3210,4,1,0,0,3
668,0,0.5,1,0,0,3,0.1,5,13,2746,8,1,1,1,2
1309,0,1.1,1,0,0,33,0.5,4,14,2334,11,1,0,1,2
1724,0,2.0,1,2,1,57,0.5,3,5,2822,16,1,1,0,3
1977,1,2.0,1,7,1,54,1.0,7,18,1971,14,1,1,0,2
885,0,2.3,1,0,1,15,0.4,7,0,1410,5,1,1,1,0
879,1,2.5,0,11,1,14,0.7,6,15,349,2,1,0,1,0
1322,0,1.7,1,6,0,7,0.8,3,9,1418,12,0,1,0,1
1137,1,1.0,0,18,0,7,1.0,3,19,3616,12,1,1,1,3
1355,0,2.3,0,10,1,23,0.2,5,16,880,8,1,1,0,0
1665,1,0.5,0,3,1,60,0.2,6,18,1601,14,1,0,0,2
657,0,2.5,0,0,0,37,0.7,2,1,1412,18,0,1,0,0
593,0,0.5,0,6,0,31,0.4,7,7,1692,7,1,0,0,1
1883,1,0.5,0,3,1,10,0.3,6,13,2600,20,1,0,0,3
1732,1,1.1,0,4,1,12,0.8,8,9,1308,11,1,0,1,1
543,0,0.5,0,0,0,57,0.7,5,4,2413,15,1,0,0,1
1939,1,2.8,1,0,1,55,0.6,4,10,1047,18,1,1,0,0
553,0,2.4,1,1,1,8,0.5,7,3,1204,8,1,1,1,0
832,0,0.7,1,2,1,39,0.7,4,3,1799,11,1,0,1,1
1661,0,1.9,1,5,0,23,1.0,5,10,2676,11,0,1,1,3
1657,1,2.4,0,3,0,42,0.1,5,16,2597,14,1,0,0,3
1135,1,2.0,1,0,0,46,0.3,1,4,3029,9,1,1,1,3
1775,1,1.5,0,3,0,41,0.1,1,7,2343,14,1,1,1,3
783,0,1.8,1,0,1,43,1.0,3,4,2016,18,1,1,0,1
617,1,2.3,0,0,0,32,0.5,7,20,2213,7,0,0,0,1
867,0,1.4,1,0,1,4,0.7,6,1,790,3,1,1,0,0
1310,1,1.1,1,13,0,7,1.0,5,14,3182,5,1,1,0,2
1804,0,0.5,0,9,1,22,0.6,7,19,3472,20,1,0,1,3
1900,1,2.3,0,1,1,18,0.2,7,9,2871,13,1,1,1,3
909,1,1.4,0,0,0,53,0.3,8,0,3187,4,1,0,0,2
1084,1,2.6,0,3,1,40,0.9,3,11,1945,10,1,1,0,1
1308,0,1.3,1,8,0,46,0.9,1,12,488,9,0,1,0,0
1778,0,0.5,0,0,0,15,0.5,3,0,1214,14,1,0,0,1
1701,1,1.6,1,3,0,10,0.3,8,7,2598,6,0,1,0,2
772,1,2.4,1,1,1,10,0.5,4,2,3242,4,1,1,0,3
825,1,0.5,1,7,0,52,0.9,3,10,3534,6,0,1,0,3
1379,0,1.1,0,5,1,36,0.8,2,7,3426,17,1,1,1,3
1166,0,2.0,0,3,1,25,0.8,5,4,2488,15,1,0,0,2
1659,0,2.8,0,5,0,16,0.6,1,20,3255,9,0,0,1,3
826,1,2.4,1,0,1,58,0.3,4,1,2863,18,1,0,1,2
1564,0,2.3,0,4,1,25,0.5,6,17,1496,7,1,1,1,1
1957,0,0.9,1,11,0,31,0.6,3,16,3801,7,1,0,1,3
1571,0,1.4,0,0,1,19,0.1,6,1,666,13,1,1,0,0
1414,0,2.0,1,2,0,54,0.8,7,3,3799,7,1,0,1,3
1790,0,2.5,1,9,0,2,0.1,1,14,1366,20,1,1,1,1
645,0,0.5,0,1,0,41,1.0,7,10,2962,4,1,1,1,2
668,0,2.9,1,7,0,30,0.2,8,12,2399,7,1,1,1,1
1652,1,1.1,1,1,0,36,0.7,4,5,2338,20,0,0,0,2
1213,1,0.5,0,0,0,16,0.5,5,0,2700,9,0,0,1,2
1272,1,2.5,1,0,0,22,0.9,6,8,2235,4,1,0,0,1
866,0,0.5,1,5,1,46,0.5,8,7,3825,2,1,1,1,3
536,0,2.4,1,12,1,3,0.3,7,14,284,4,1,1,0,0
523,0,2.6,1,1,0,14,0.1,8,2,1427,9,0,1,0,0
1753,0,0.5,1,0,1,31,0.1,1,18,1324,17,1,0,1,2
1218,0,1.8,1,1,1,14,0.5,3,4,398,5,1,0,0,0
1537,1,2.5,0,4,1,43,0.3,1,5,3685,17,1,1,1,3
786,0,2.2,1,0,0,33,0.5,7,6,2390,5,1,0,1,2
1678,0,2.1,0,3,1,64,0.9,3,11,278,10,1,1,0,0
1814,0,1.4,1,1,1,9,0.4,2,2,3556,16,1,0,0,3
1101,0,1.8,0,0,0,31,0.2,2,7,2196,19,0,1,1,1
1461,0,2.4,1,3,1,40,0.5,7,4,3799,4,1,0,0,3
1216,0,3.0,0,4,0,47,0.4,3,7,2268,4,0,1,1,2
506,0,1.6,0,6,1,41,0.8,1,7,2965,15,1,0,0,2
843,1,0.5,0,1,1,56,0.1,5,17,2341,20,1,1,1,1
742,0,2.2,1,4,0,56,0.2,7,14,3557,12,0,1,1,3
1692,1,2.1,0,3,1,61,0.9,6,12,1354,19,1,0,0,1
1485,0,1.0,0,2,1,32,0.7,2,9,2147,11,1,1,0,2
1547,0,2.9,1,6,0,45,0.7,2,8,505,3,0,1,1,0
1692,0,2.3,1,4,1,46,0.9,1,6,1394,6,1,1,0,1
637,0,2.3,0,3,1,60,0.8,4,4,374,8,1,0,1,0
1224,0,0.5,0,16,1,6,0.4,6,18,506,11,1,1,1,0
1356,0,2.8,0,0,0,29,0.5,6,0,3702,19,0,0,0,3
1840,0,0.5,1,12,0,34,0.7,1,16,1078,10,0,0,0,1
1481,1,0.7,1,4,1,37,0.6,5,13,2945,16,1,1,1,2
961,1,1.5,1,10,0,51,0.3,6,16,2981,7,1,1,1,2
1296,0,0.9,1,0,1,14,0.5,5,3,490,4,1,1,1,0
1193,0,0.9,0,11,0,26,0.5,1,20,536,4,1,0,1,0
1441,0,2.1,1,11,1,3,0.1,8,17,2317,7,1,0,1,2
517,0,1.4,1,3,1,33,0.8,4,8,3704,11,1,0,1,3
748,1,1.7,0,0,1,27,0.9,8,4,2126,7,1,0,0,1
1126,1,2.4,0,2,1,10,0.4,6,3,2050,12,1,1,1,2
1572,0,0.6,0,0,1,58,0.2,7,8,2462,10,1,0,0,3
1569,0,2.8,1,17,0,44,0.3,4,20,1260,17,1,0,0,1
1270,1,0.6,1,2,1,32,0.5,7,6,3770,13,1,1,0,3
1854,0,3.0,0,2,1,8,0.1,5,5,1886,20,1,1,0,1
625,1,1.2,1,5,1,10,0.2,4,8,3323,7,1,1,1,2
1577,0,0.5,1,0,1,42,0.3,5,4,2060,12,1,0,0,2
534,0,0.5,1,0,1,16,1.0,5,1,3926,20,1,0,0,3
946,0,1.7,1,8,1,25,0.8,6,15,2177,13,1,1,1,2
685,0,0.5,0,2,0,29,0.8,7,10,728,4,0,0,1,0
1949,0,1.3,1,0,0,23,0.1,5,1,2478,20,1,0,0,3
947,0,0.8,1,0,1,22,0.1,2,13,2842,2,1,0,0,2
801,1,2.2,1,2,0,63,0.4,7,4,1617,19,0,0,1,1
703,1,2.7,0,12,1,30,0.3,1,20,1472,7,1,0,0,0
1165,1,2.4,0,11,0,41,0.2,6,12,764,15,1,0,0,0
1082,0,0.8,0,0,0,38,0.1,8,5,2337,17,0,1,1,2
959,1,2.6,1,15,0,20,1.0,4,19,3965,6,1,0,0,3
1502,1,1.2,0,0,0,54,0.2,5,12,3693,16,1,1,0,3
1380,1,2.1,1,1,1,4,0.8,3,13,797,15,1,1,0,0
1266,0,0.5,0,0,1,5,0.1,6,9,1687,18,1,0,0,2
1934,1,2.6,1,0,1,46,0.1,1,17,2940,2,1,1,1,3
1905,1,0.5,0,3,1,6,0.5,1,5,1545,10,1,1,0,1
1831,0,1.4,1,2,0,43,0.9,5,5,3834,13,1,1,1,3
596,0,1.4,0,8,0,46,0.6,1,18,2505,15,1,1,0,1
1562,1,1.3,1,1,1,7,0.2,5,15,2243,6,1,0,0,2
1490,1,0.5,1,4,1,64,0.3,8,8,3600,7,1,1,1,3
1523,1,2.4,0,5,1,57,0.2,2,6,3971,10,1,1,1,3
640,0,0.6,0,0,0,20,0.1,4,15,2844,18,1,1,0,2
1526,0,2.1,0,1,1,23,0.2,7,8,2227,3,1,1,0,2
1989,0,2.5,1,0,1,41,0.8,3,13,1665,12,1,1,1,2
1308,0,1.9,0,0,1,61,0.7,3,7,3355,4,1,0,1,3
609,0,0.5,0,3,0,26,0.3,4,4,1866,14,1,1,1,1
1905,0,0.6,1,9,1,36,0.4,3,20,1287,16,1,0,0,1
1703,1,0.5,0,0,1,22,0.6,1,0,1046,13,1,0,1,0
1445,1,2.4,1,7,1,20,0.4,7,15,1441,13,1,1,1,1
1087,0,1.3,0,0,1,16,0.3,3,9,690,6,1,0,1,0
671,0,0.9,1,10,0,30,0.7,7,17,2504,15,1,0,0,2
1472,1,2.3,0,6,0,61,0.1,6,19,2677,8,1,0,0,2
765,0,0.5,1,0,1,47,0.3,8,1,2243,4,1,0,1,2
1642,0,0.5,1,16,1,8,0.3,6,17,2984,17,1,0,1,2
1265,0,1.5,0,7,0,49,0.7,5,16,1362,12,0,0,1,1
664,1,1.1,1,1,1,51,0.1,7,4,3629,6,1,1,1,3
1277,1,0.5,1,0,1,35,0.4,6,6,3559,6,1,1,0,3
1395,0,1.8,1,0,0,23,0.1,3,1,2571,13,1,0,1,2
1539,1,2.6,0,0,0,41,0.1,8,0,2107,10,1,0,1,2
1049,1,2.2,0,9,0,63,0.5,5,17,1022,13,0,0,0,0
1827,0,1.7,0,4,1,39,0.5,5,16,2844,10,1,1,0,2
903,0,1.0,1,0,1,50,0.4,1,0,711,10,1,1,0,0
1987,1,0.5,0,3,1,53,1.0,3,7,3117,8,1,1,1,3
1154,0,1.2,1,0,1,49,0.2,8,2,978,7,1,0,1,0
1336,0,0.9,0,5,1,17,0.2,5,9,1869,16,1,1,1,1
1886,0,0.5,0,0,1,24,0.4,3,1,1179,20,1,0,1,1
1551,0,1.1,0,4,0,51,0.1,5,6,3844,4,0,1,0,3
850,1,1.6,1,6,1,29,0.5,5,19,593,10,1,0,1,0
660,0,0.5,0,5,1,40,0.5,2,10,588,18,1,1,1,0
1225,1,2.1,1,8,0,13,0.5,4,12,3836,11,0,0,0,3
1452,1,0.5,1,1,1,25,0.9,6,11,2669,13,1,0,0,2
1686,1,2.8,1,3,0,38,0.1,4,4,2958,2,0,0,0,3
1634,1,1.4,0,1,1,17,0.2,2,5,3031,6,1,1,1,3
1708,1,2.4,1,18,1,49,0.1,1,19,3388,16,1,1,1,3
1151,1,2.9,1,0,0,31,0.6,8,1,2377,13,0,1,0,2
1578,0,1.9,1,2,1,37,0.1,4,19,2458,3,1,0,1,2
1689,0,1.8,0,17,0,24,0.3,3,18,2766,7,0,1,1,3
1488,0,0.5,0,1,0,39,0.8,5,6,3054,19,0,0,0,3
1313,1,1.8,1,4,0,9,0.4,1,6,3791,6,0,1,1,3
1715,0,1.0,1,4,1,31,0.5,8,17,625,13,1,0,0,0
1442,0,1.0,1,0,0,27,0.1,3,19,2227,20,1,1,0,1
528,0,1.7,0,12,1,6,0.8,2,15,3256,6,1,1,0,2
1523,1,1.8,0,6,1,11,0.1,1,8,707,19,1,1,0,0
1133,0,1.4,0,3,0,42,0.1,5,12,1457,20,1,0,1,1
1718,1,2.5,1,14,1,6,0.1,5,16,3755,8,1,1,1,3
1330,0,0.5,0,0,0,38,1.0,7,1,1733,11,1,0,1,1
1799,1,0.5,0,0,0,49,0.4,4,2,720,11,1,1,1,0
633,1,2.2,0,0,1,49,0.1,8,1,3560,16,1,1,1,2
724,0,2.7,1,0,0,44,0.5,7,0,2311,7,1,0,0,2
822,1,0.5,0,0,1,51,0.3,6,20,3846,3,1,0,0,3
1918,0,1.9,0,2,0,10,0.6,5,10,1717,16,1,1,1,2
1891,0,2.8,0,7,1,37,0.4,7,14,3704,11,1,0,0,3
1373,1,1.0,1,2,0,50,0.2,7,12,3800,14,1,0,0,3
862,1,0.8,1,3,0,23,0.4,2,15,278,11,0,0,1,0
1273,0,1.0,0,3,1,48,0.4,4,15,1767,11,1,1,0,1
957,1,2.5,0,4,0,7,0.8,5,10,1846,7,1,0,1,1
1617,1,1.3,1,3,1,30,0.7,2,4,829,10,1,0,0,0
893,0,2.5,1,0,0,55,0.6,2,1,2986,6,0,1,1,2
1210,0,0.5,0,0,0,63,0.1,5,0,2394,7,0,0,0,2
708,1,2.7,1,0,1,63,1.0,8,7,2169,7,1,1,1,1
835,0,1.1,1,2,0,7,0.2,4,7,1181,15,1,1,1,0
1450,1,2.7,1,9,0,19,0.6,1,17,575,12,0,0,0,0
973,1,1.5,0,5,1,57,0.2,7,16,2977,2,1,0,0,2
601,1,1.4,0,4,1,4,0.1,4,13,532,10,1,1,1,0
507,1,0.5,1,1,0,32,0.5,7,11,1702,5,1,1,1,1
564,0,1.8,1,0,1,51,0.5,3,1,1074,15,1,1,0,0
1559,1,1.6,1,6,1,6,0.5,6,17,3352,3,1,1,1,3
754,0,0.5,1,7,1,59,0.7,7,10,1027,5,1,0,0,1
728,0,2.7,1,0,0,25,0.2,4,1,2039,12,1,1,1,1
1431,1,0.5,0,0,1,56,0.6,1,1,461,8,1,0,0,0
767,0,1.5,0,4,0,28,0.7,4,10,527,15,0,1,0,0
1722,0,2.6,0,8,0,18,0.8,2,16,3271,15,1,0,1,3
1992,1,1.6,0,5,1,57,1.0,2,15,606,4,1,1,1,1
1876,0,0.5,0,10,1,40,0.3,6,14,2513,16,1,1,0,3
1054,0,1.1,1,10,1,38,0.4,6,12,1675,14,1,1,1,1
1283,1,1.6,1,4,0,47,0.9,5,5,2698,17,1,1,0,2
1281,1,2.3,1,0,0,28,0.3,1,6,1129,6,0,1,0,1
1066,0,0.6,0,2,1,7,0.9,7,18,468,6,1,1,0,0
730,0,2.1,1,0,1,4,0.1,8,2,1210,4,1,1,1,0
1053,1,0.8,1,7,1,45,0.3,1,12,3086,5,1,1,1,3
1611,1,0.5,1,11,0,3,0.6,3,14,1595,9,1,0,1,1
793,0,1.0,1,5,1,30,0.9,2,15,2332,14,1,1,1,2
1220,0,2.9,0,3,0,62,0.5,4,8,2589,15,1,1,1,2
1662,0,0.5,0,0,1,61,0.8,4,13,3760,13,1,1,1,3
1281,1,2.8,1,3,1,8,0.3,4,19,1851,9,1,1,0,1
538,0,0.8,0,12,1,2,0.8,7,13,417,9,1,0,1,0
823,1,0.5,0,0,0,39,0.4,8,4,294,11,0,0,1,0
1733,1,2.8,0,3,1,36,1.0,6,20,3576,9,1,0,0,3
1429,0,1.5,1,0,1,40,0.9,3,14,3945,18,1,0,1,3
1839,1,1.2,0,9,1,54,0.5,7,11,927,18,1,0,1,1
659,0,2.7,0,6,1,6,0.5,3,7,2044,2,1,0,1,1
1953,1,2.1,1,7,0,56,0.1,8,9,2334,4,1,0,0,2
1172,0,1.9,0,0,1,27,0.7,1,3,1477,6,1,0,0,1
612,1,1.9,1,6,0,16,0.3,7,7,3161,3,0,0,0,3
1563,0,2.4,0,0,1,24,0.2,8,0,3660,5,1,1,0,3
1191,0,1.3,1,16,1,26,0.8,1,20,1604,9,1,0,1,1
615,1,0.5,1,0,0,42,0.6,6,4,2211,18,0,0,1,1
1893,1,2.1,1,8,0,63,0.2,2,11,3822,18,0,1,1,3
1563,0,1.7,1,10,0,16,0.1,7,13,3922,8,0,0,1,3
1995,1,1.9,0,6,0,9,0.8,6,18,1203,18,1,1,1,2
1517,0,0.5,0,6,1,48,0.6,5,14,2822,11,1,1,1,3
832,0,1.6,1,1,1,34,0.3,5,5,447,12,1,1,0,0
1162,0,2.0,0,0,1,56,0.7,7,1,1652,20,1,0,0,1
1595,1,2.6,0,7,0,12,0.3,8,19,3608,16,0,1,0,3
1329,1,1.0,0,1,0,52,0.9,6,2,1228,6,1,0,1,1
928,1,0.5,1,11,0,56,0.7,8,13,666,5,0,1,0,0
1656,1,0.5,1,8,1,38,0.1,7,17,1499,19,1,0,1,1
1937,1,1.7,0,17,0,58,0.6,1,19,3321,14,1,1,0,3
977,1,1.1,1,2,0,57,0.6,6,7,1206,8,0,1,1,0
768,1,0.9,0,16,1,56,0.1,1,20,952,16,1,0,1,0
1464,1,0.5,1,11,0,12,0.9,2,14,3927,15,0,1,1,3
1177,0,0.9,0,1,1,29,0.4,2,8,311,19,1,0,0,0
1348,0,2.0,0,18,0,52,0.3,3,20,955,7,1,1,1,1
1956,0,2.2,0,0,1,37,0.5,3,2,1109,19,1,1,0,1
1751,0,0.5,1,6,0,8,0.6,6,20,2969,17,0,0,1,2
1530,0,2.0,0,11,0,42,0.8,6,13,725,19,0,0,1,0
1997,1,1.8,1,1,0,40,0.5,4,8,1655,15,1,0,0,2
1414,1,1.5,1,5,0,44,0.5,2,6,3490,13,0,1,0,3
1707,0,1.4,0,0,0,41,0.8,7,2,1774,10,0,0,0,2
894,0,0.5,1,1,1,50,0.5,3,14,3615,6,1,0,1,3
645,0,1.2,0,6,1,41,0.7,8,17,714,13,1,1,0,0
1163,0,2.8,1,0,0,49,0.6,2,0,2768,12,0,0,1,2
1126,0,0.7,0,3,0,49,0.9,8,17,3739,13,1,0,0,3
1648,0,0.7,0,6,1,64,0.8,4,9,610,6,1,1,0,1
1170,1,0.9,0,6,1,14,0.4,2,13,715,20,1,0,1,0
508,0,0.8,0,7,1,42,0.3,1,8,663,7,1,0,0,0
1097,0,2.1,1,6,0,64,0.2,3,8,1725,9,1,0,1,1
728,0,1.7,1,0,1,5,0.6,2,20,834,5,1,1,0,0
1980,0,0.5,1,2,1,29,0.8,1,13,3865,18,1,0,0,3
1504,0,2.3,1,1,0,64,0.9,1,2,3059,10,0,1,0,3
1379,1,2.1,1,14,1,63,1.0,1,17,651,7,1,1,0,0
1698,0,2.1,0,5,1,18,0.9,6,20,796,14,1,0,1,0
920,0,2.1,1,5,0,25,0.4,7,14,785,5,0,1,1,0
1144,1,1.5,1,0,0,21,0.4,1,11,3252,8,0,0,0,2
1995,1,0.5,0,6,0,26,0.2,1,15,1322,7,0,1,1,1
1430,0,0.5,1,1,0,27,0.5,1,16,2832,15,0,1,1,2
972,1,0.5,1,5,0,13,0.4,5,8,1615,13,0,1,0,1
662,0,0.5,0,5,0,20,0.8,1,10,2125,15,0,1,1,1
1867,0,2.3,0,0,1,9,0.1,6,3,990,2,1,0,1,1
1730,0,2.0,1,0,1,20,0.1,4,10,1595,12,1,1,0,1
1723,1,1.0,0,1,1,7,0.6,3,17,1213,16,1,1,1,1
1882,1,1.3,1,8,0,47,0.2,2,13,2500,11,0,0,1,2
803,0,0.8,1,0,0,18,0.3,4,1,2801,12,0,1,0,2
580,1,1.2,1,0,0,47,0.9,3,1,3451,11,1,1,0,3
668,0,2.3,0,2,1,48,0.3,1,19,1201,4,1,1,0,0
1391,0,1.4,0,2,1,36,0.8,1,6,3139,14,1,1,0,2
1560,0,2.3,0,0,1,22,0.8,7,1,1938,16,1,1,1,2
821,0,1.8,1,5,0,54,0.1,3,9,3185,15,1,0,0,2
811,1,2.4,1,5,1,2,0.3,6,13,2111,2,1,0,1,1
1989,1,2.9,1,8,0,17,0.1,8,15,2369,18,1,1,0,2
1034,1,2.7,1,6,0,37,0.7,7,20,3625,12,0,1,1,3
618,0,2.1,0,2,0,6,0.3,1,4,1051,15,0,0,1,0
654,1,1.3,0,0,1,52,0.7,4,4,1036,13,1,0,0,1
576,1,2.8,0,2,1,10,0.2,5,7,2938,5,1,1,1,2
667,1,0.6,0,6,1,3,0.7,6,13,2855,19,1,0,1,2
869,1,1.0,0,7,1,57,0.6,1,15,2727,8,1,0,0,2
635,1,0.5,1,2,0,42,0.4,3,4,2973,18,0,0,1,2
609,1,3.0,0,15,1,44,0.3,1,16,2581,15,1,0,1,1
1557,0,2.8,1,16,0,2,0.1,5,20,2690,9,0,0,1,3
1604,1,1.7,0,2,0,33,1.0,8,5,916,12,0,1,1,0
1182,0,0.5,0,7,1,8,0.5,8,16,2563,19,1,0,0,2
848,1,2.1,1,10,1,19,0.8,7,18,3359,14,1,0,0,2
1610,1,2.9,0,7,1,64,0.9,4,12,941,9,1,1,0,1
1828,1,2.1,1,0,0,17,0.9,1,1,2280,4,0,0,0,2
880,0,2.0,1,1,1,50,0.5,7,3,827,6,1,0,1,0
1394,1,0.9,1,10,1,62,0.3,5,13,473,20,1,1,0,0
1960,1,2.3,1,1,1,61,0.3,7,3,3865,11,1,0,0,3
809,0,0.8,0,10,0,21,0.9,7,19,1274,3,0,0,0,1
899,0,0.5,1,13,1,57,0.9,2,18,364,7,1,1,0,0
1976,1,0.7,1,4,0,32,0.8,2,7,3699,13,0,1,1,3
879,0,1.5,1,0,1,21,0.8,4,2,2927,11,1,0,1,2
916,1,2.6,0,0,0,36,0.3,4,12,1470,14,0,1,0,0
763,0,1.7,1,8,1,2,0.5,8,14,1050,8,1,1,0,0
508,0,1.6,1,0,0,9,0.4,6,2,2616,10,1,1,1,2
825,0,2.9,1,0,0,34,0.8,8,17,2915,10,1,1,0,3
1864,0,1.4,0,8,1,46,0.7,1,12,2686,18,1,1,1,2
1725,0,0.5,1,8,1,52,1.0,6,12,1243,5,1,1,1,1
1108,1,2.9,0,10,0,52,0.1,2,12,3264,13,0,1,1,3
1011,0,1.1,0,4,1,36,0.2,7,18,2261,16,1,1,1,1
1703,1,1.5,1,17,1,55,0.7,5,19,2993,20,1,1,1,3
1067,1,1.7,1,0,0,58,0.5,7,0,706,16,0,1,0,0
1334,1,2.4,0,5,1,42,0.6,5,14,2542,8,1,0,0,3
775,1,2.6,0,0,0,30,0.4,7,10,2523,9,1,0,1,2
1899,1,0.6,0,0,0,26,0.1,2,0,336,4,1,0,1,0
930,1,1.3,1,1,1,14,0.4,6,10,2457,17,1,1,0,1
1058,0,1.5,0,2,0,19,0.4,4,14,418,16,0,0,1,0
1187,1,2.2,0,0,1,46,0.4,2,9,3917,8,1,0,1,3
1874,1,2.7,1,10,0,8,0.9,7,13,1246,2,0,0,1,1
1482,0,0.5,0,2,0,48,0.2,7,10,2971,12,1,1,1,2
1809,1,1.7,0,3,1,59,0.1,3,4,2324,16,1,0,1,2
864,1,3.0,1,0,1,54,0.7,2,1,3121,16,1,1,1,2
625,1,1.9,0,12,1,33,0.2,1,20,3801,2,1,0,0,2
1880,1,1.8,0,4,1,18,0.7,3,5,3333,7,1,0,0,3
1138,0,1.4,0,12,1,44,0.2,8,17,3475,3,1,0,0,3
560,0,0.5,0,14,0,23,1.0,8,15,2360,18,0,1,1,1
1117,0,0.5,0,1,0,12,0.6,7,8,2895,16,1,1,0,2
1712,0,1.4,0,1,0,63,0.5,7,12,3652,19,1,0,0,3
1836,1,1.7,1,3,0,26,0.1,6,16,3097,18,0,1,0,3
1036,1,2.4,0,0,0,39,0.2,7,3,2101,2,0,1,0,1
1860,1,2.3,0,15,0,23,0.6,4,16,3918,8,0,1,0,3
1375,1,1.1,0,3,1,9,0.9,7,19,3869,10,1,1,1,3
1945,0,1.6,1,0,1,57,0.3,4,1,732,14,1,1,0,1
1896,0,0.5,1,8,1,7,0.4,2,13,3684,18,1,0,0,3
788,0,2.5,1,4,1,57,0.9,8,12,3969,6,1,1,1,3
880,1,1.7,1,0,0,33,0.7,2,2,1414,7,1,1,0,0
1323,1,2.5,1,10,1,28,0.2,4,12,1892,15,1,1,1,1
1868,0,2.0,1,0,1,42,0.2,1,4,3131,7,1,1,1,3
1266,0,1.9,1,0,1,7,0.2,3,12,2532,4,1,1,1,2
1042,0,2.7,1,16,1,50,0.8,7,18,3215,20,1,1,1,3
1479,0,0.5,0,8,0,19,0.6,3,10,3323,6,1,0,1,3
1476,1,1.2,1,0,1,55,0.1,4,5,1529,3,1,0,1,2
1552,1,2.2,0,6,1,13,0.2,6,9,2403,9,1,1,1,2
1454,1,0.5,1,1,0,34,0.7,4,3,3419,5,1,1,0,3
1007,0,2.0,0,0,0,45,0.1,5,2,3648,16,0,0,0,3
652,1,2.4,1,9,1,17,0.7,5,11,1974,12,1,0,0,0
1504,0,1.5,0,12,1,34,0.7,8,15,2806,7,1,0,1,2
1726,1,0.9,1,2,0,51,0.6,4,3,2239,13,1,0,1,2
1029,1,1.9,1,5,1,5,0.2,5,8,582,4,1,1,1,0
1582,0,2.8,0,2,1,44,0.5,6,13,3890,10,1,1,1,3
1478,1,0.8,1,12,0,48,0.7,5,17,1141,6,0,0,1,1
1178,1,1.3,0,0,0,49,0.6,5,0,2511,17,0,0,0,2
707,0,2.1,1,2,0,25,0.8,3,17,3838,7,1,0,1,3
755,1,2.8,0,5,1,51,0.3,4,12,2734,16,1,0,1,2
912,1,2.0,0,1,0,54,0.3,8,5,2330,20,0,1,0,1
651,1,0.8,1,2,1,63,0.2,5,4,2244,19,1,1,0,1
1483,0,2.1,0,1,1,54,0.2,7,2,1851,2,1,1,0,1
914,1,0.9,0,2,0,4,0.8,2,12,808,5,1,1,0,0
1456,1,0.5,1,7,0,7,0.4,5,12,1587,20,1,0,1,1
1178,0,2.2,1,6,0,57,0.3,3,17,2492,10,1,1,0,2
1503,1,0.7,0,10,1,43,0.2,4,14,2122,2,1,0,0,2
1681,1,2.5,0,2,0,11,0.4,2,13,1122,16,0,1,1,0
715,0,2.3,1,4,0,48,0.1,4,6,3709,10,0,0,0,2
1876,0,2.8,1,3,1,56,0.4,3,4,3021,18,1,0,0,2
1190,1,2.2,1,9,0,47,0.3,6,10,624,19,1,1,1,0
1755,1,1.3,0,0,1,24,0.1,7,2,3937,7,1,0,1,3
1197,0,1.3,0,3,1,20,0.5,6,7,1797,4,1,1,1,1
1048,1,0.9,0,10,1,28,0.8,2,19,1458,15,1,0,1,1
1887,1,3.0,1,6,1,17,0.2,8,7,3348,16,1,1,0,3
1772,1,0.5,1,3,0,64,0.7,8,15,1834,20,0,1,1,1
1421,0,2.8,0,0,1,57,0.4,1,2,2775,14,1,0,1,3
1464,0,0.5,1,0,1,17,0.7,6,8,1277,19,1,0,0,1
728,0,2.3,1,4,0,23,0.8,4,5,457,16,1,1,1,0
954,1,0.5,0,0,0,50,0.3,2,11,438,2,1,0,0,0
685,0,0.5,1,8,1,13,0.8,7,15,3210,2,1,1,1,3
1472,0,2.8,1,1,0,36,0.5,6,10,985,7,1,1,0,1
853,1,2.0,0,10,1,3,0.6,2,16,3701,8,1,1,0,3
1469,0,2.1,0,0,0,8,0.7,7,0,1052,3,0,1,0,0
1310,1,2.3,1,6,0,57,0.9,8,9,1175,8,0,0,0,0
1654,0,1.8,0,1,0,11,0.3,7,2,1070,14,1,1,1,1
902,1,0.7,0,3,0,3,0.3,7,9,3411,15,0,0,1,3
1448,0,1.4,1,13,0,26,1.0,3,16,1175,6,0,1,0,1
1631,0,0.9,1,2,1,3,0.1,7,12,301,13,1,0,0,0
1608,0,1.8,1,7,0,28,0.4,2,13,489,8,0,0,1,0
1991,1,2.7,0,5,1,64,0.9,2,13,1733,8,1,1,0,2
1349,0,2.0,1,15,0,62,0.3,5,16,2756,4,1,0,0,2
1589,0,2.5,0,5,1,51,0.8,1,18,2612,16,1,0,0,2
1844,1,2.3,1,1,0,51,0.7,8,3,1724,14,0,1,1,1
712,1,0.5,1,3,1,35,0.2,2,10,2190,4,1,1,1,1
972,1,1.7,0,0,1,54,0.7,3,4,1900,19,1,0,1,1
1406,0,0.5,1,2,1,34,0.8,3,5,3915,2,1,0,1,3
1289,0,0.9,0,10,1,25,1.0,6,12,1043,11,1,1,0,0
932,0,1.3,0,1,0,64,0.7,7,2,3817,9,1,1,1,3
1747,1,0.9,0,6,1,48,0.7,3,19,2362,19,1,1,0,2
1172,1,2.1,1,4,0,41,0.1,3,7,1107,5,0,0,0,1
1128,1,1.4,0,12,0,53,0.4,5,14,2982,12,1,1,0,3
664,0,1.2,1,0,0,28,0.9,5,5,2042,19,1,1,0,1
513,1,0.5,0,6,1,44,0.1,4,12,1343,9,1,1,0,0
1742,0,2.3,1,9,1,43,0.4,7,12,2610,10,1,0,1,2
1512,1,1.7,0,12,0,6,0.7,7,17,2335,7,1,1,1,2
1986,0,0.5,1,3,1,51,0.1,8,20,1614,3,1,1,1,1
965,1,1.5,1,5,0,13,1.0,2,14,1138,10,0,1,0,0
1067,1,2.4,1,3,1,40,0.6,8,15,604,11,1,0,0,0
1583,1,1.6,0,5,1,42,0.8,3,10,3652,9,1,0,0,3
1653,0,0.5,1,2,1,37,0.9,4,6,3955,18,1,1,1,3
1433,0,1.6,0,7,0,4,0.7,8,11,258,4,1,1,1,0
765,0,2.9,0,0,1,18,0.1,7,0,1066,16,1,1,0,0
1845,1,0.5,1,10,0,61,0.3,1,12,1731,6,0,0,0,1
752,0,0.5,1,1,0,48,0.7,7,13,3860,16,0,0,0,3
1948,0,2.8,1,8,0,16,0.1,5,10,3630,17,0,1,0,3
1077,0,2.5,1,0,1,45,1.0,3,4,1965,6,1,1,0,1
932,1,0.5,0,1,1,60,0.7,4,2,1459,19,1,1,0,0
1968,0,0.9,0,0,0,22,0.8,3,7,2323,7,0,0,1,2
1122,0,1.2,0,9,0,2,0.6,4,14,3291,13,1,1,1,2
1588,0,0.5,0,0,1,61,0.8,1,13,3272,17,1,1,0,3
601,0,2.1,0,4,0,26,0.3,4,18,918,12,0,0,0,0
1615,0,0.5,0,14,0,15,0.1,4,16,3488,3,0,0,1,3
1589,1,2.2,1,2,0,58,0.1,4,4,3961,14,1,0,1,3
1417,1,2.7,0,2,1,56,0.9,6,4,590,6,1,0,1,0
1697,1,0.7,0,1,1,34,0.1,1,3,3701,8,1,1,0,3
1330,1,1.3,1,14,0,3,0.3,5,17,463,11,0,0,1,0
1476,0,0.5,0,0,1,43,0.7,2,2,3644,6,1,0,1,3
1579,1,1.5,0,0,0,27,0.2,6,18,1713,10,1,1,1,1
1277,0,3.0,0,0,1,41,0.3,4,3,429,14,1,1,1,0
1089,1,0.9,1,12,1,2,0.7,5,15,2765,10,1,0,1,2
1663,1,2.5,1,13,1,27,0.3,4,14,2084,18,1,0,0,2
1949,0,1.8,0,0,0,20,0.8,5,4,1125,9,0,0,0,1
1138,0,1.1,0,5,1,48,0.6,3,14,2048,18,1,1,1,2
685,0,2.7,0,7,0,17,0.3,6,20,1223,18,1,0,1,0
1889,0,2.8,0,5,1,31,1.0,1,10,3672,3,1,1,1,3
857,1,2.0,1,3,0,17,0.2,7,9,3100,13,1,1,0,2
1902,0,2.8,1,6,0,50,0.8,8,9,343,18,0,1,0,0
1225,1,2.4,0,0,0,15,0.1,5,0,1970,15,1,1,0,1
1066,0,1.6,0,5,0,39,0.6,5,17,2728,17,1,1,1,2
1554,1,0.5,1,11,0,5,1.0,3,12,3635,18,0,0,0,3
1337,0,0.5,0,13,0,31,0.8,2,20,2180,16,1,0,1,1
1926,1,1.7,1,1,1,33,0.4,3,2,2488,14,1,0,0,2
869,0,1.3,1,3,0,34,0.1,2,4,3864,11,1,0,0,3
1278,1,0.5,1,1,0,54,0.1,8,16,1155,20,0,0,1,0
1773,1,2.5,0,16,1,32,0.6,6,18,3566,13,1,0,1,3
1661,1,0.8,1,1,1,6,1.0,7,2,864,2,1,0,1,1
1438,0,2.2,0,0,1,32,0.6,7,6,869,9,1,1,1,0
1661,1,1.4,0,0,0,29,0.3,2,0,591,9,1,1,1,0
1846,1,0.6,0,1,0,19,0.7,1,2,1333,11,0,1,1,1
1260,1,2.0,1,2,1,23,0.2,7,10,2208,10,1,0,1,2
512,1,0.5,1,7,0,15,0.9,3,15,2610,15,0,1,1,2
581,0,2.2,0,0,0,59,0.7,5,6,2819,9,0,0,1,2
1872,1,2.3,0,6,0,44,0.7,3,15,1955,15,1,0,1,2
687,1,1.3,0,9,1,50,0.6,4,20,3416,8,1,1,0,3
1062,1,2.5,1,6,0,10,0.9,1,13,3803,16,0,0,1,3
1678,1,2.3,1,11,0,7,0.5,1,14,574,19,1,0,0,0
1417,1,0.5,0,10,1,45,0.9,4,19,2129,12,1,0,1,1
1074,0,2.4,1,2,1,9,0.9,6,14,1948,18,1,1,1,1
1832,0,0.7,0,2,0,2,0.6,7,6,2978,18,0,0,0,2
1039,0,1.3,0,0,1,12,0.8,8,0,1619,10,1,1,1,1
1059,0,2.4,0,8,0,61,0.1,3,18,3716,11,1,1,0,3
1606,0,1.4,0,3,0,57,0.1,4,4,3454,20,0,0,1,3
1928,1,1.8,0,9,1,19,1.0,3,20,3777,13,1,1,1,3
1875,1,0.5,1,11,1,55,0.7,1,17,2712,6,1,0,1,3
1128,1,1.1,0,9,1,46,0.9,8,10,1434,11,1,0,0,1
1748,0,1.7,1,6,1,14,0.5,3,7,3968,3,1,0,1,3
1413,0,0.5,1,5,0,51,0.3,5,11,3383,2,0,0,0,3
825,0,0.5,1,0,1,23,0.1,2,0,3278,2,1,0,1,3
1589,1,1.4,0,3,1,26,0.1,8,16,3970,18,1,0,1,3
535,1,0.5,1,8,1,54,0.5,8,15,2674,10,1,0,0,2
1780,1,0.5,0,6,0,27,0.1,4,11,2776,14,1,1,1,3
1671,0,0.6,1,7,1,61,0.1,2,11,2336,7,1,0,0,2
1821,0,0.9,0,9,1,12,0.3,1,18,2430,6,1,1,1,2
1076,1,2.6,0,3,1,38,0.7,6,8,891,9,1,1,0,0
532,1,0.8,1,3,0,8,0.1,5,10,728,8,1,1,0,0
777,1,2.6,0,3,0,30,0.9,5,17,3886,7,1,0,0,3
1217,1,0.5,0,3,0,17,0.5,4,13,1711,9,1,0,1,1
1656,1,1.6,1,0,0,16,1.0,7,2,2856,20,1,1,1,2
1185,0,1.9,0,0,0,31,0.4,8,7,2447,3,1,1,1,2
577,0,2.4,0,8,1,37,0.9,6,20,814,19,1,1,1,0
737,1,2.4,1,7,0,49,0.6,4,16,2951,10,0,1,0,2
704,0,2.2,1,4,0,53,0.2,6,6,3653,15,1,1,1,2
525,1,0.5,1,5,0,51,0.5,8,11,1891,12,0,1,0,1
504,1,0.5,1,5,0,16,0.1,1,9,701,15,1,0,1,0
793,0,1.2,1,1,1,38,0.6,4,7,3139,12,1,1,1,3
569,0,0.6,1,2,0,39,0.1,8,9,2811,7,1,0,1,1
1590,0,1.9,1,3,1,21,1.0,5,18,1701,4,1,0,1,1
707,0,0.5,0,0,1,16,0.1,2,0,1853,12,1,1,1,1
767,0,1.9,0,16,1,19,0.2,6,17,2445,6,1,1,1,1
1350,1,0.5,1,0,1,50,0.8,8,4,2287,8,1,1,0,1
1117,1,0.6,1,0,0,31,0.2,2,7,2003,14,0,1,1,2
641,1,1.1,0,0,1,7,0.9,1,3,3595,19,1,1,1,2
1002,0,0.8,1,0,1,35,0.5,2,4,1726,19,1,0,1,1
1408,1,2.1,1,10,0,45,0.9,5,14,3952,3,0,0,1,3
1900,1,2.0,1,1,0,41,0.5,8,6,850,4,1,1,1,1
726,0,2.9,0,0,0,43,0.1,8,0,1446,8,1,1,0,0
1544,0,2.3,0,12,1,45,0.1,8,20,1300,18,1,1,0,1
1454,1,1.6,0,6,1,21,0.2,4,10,719,10,1,1,1,0
1230,1,2.2,1,6,0,26,0.8,5,7,988,9,0,1,1,0
1552,0,1.2,0,10,1,53,0.3,8,18,2606,12,1,0,0,2
1519,0,2.1,0,0,0,32,0.7,1,10,2912,15,1,1,0,2
723,1,1.9,0,4,0,30,0.3,1,7,2339,17,0,1,1,2
1191,0,2.4,1,2,0,13,0.9,1,7,1028,8,1,1,1,0
1168,0,1.3,0,9,0,61,0.1,8,10,3173,17,0,0,1,3
1229,0,0.5,1,15,0,14,0.8,2,16,1667,17,0,0,1,1
1758,1,0.5,0,11,1,13,0.6,8,14,1897,15,1,0,0,2
1290,0,0.5,0,0,0,3,0.1,6,4,1214,15,0,1,1,1
574,0,2.8,1,16,0,38,0.1,6,17,3269,10,0,1,0,2
1271,1,0.5,0,12,0,32,0.1,7,15,445,14,0,0,1,0
1170,1,1.2,0,4,0,30,0.4,8,15,1073,8,1,1,0,0
1269,1,1.3,0,14,0,52,0.8,2,15,665,5,0,0,0,1
1288,0,2.8,1,15,0,50,0.1,2,20,3129,2,0,0,0,3
1366,1,0.7,1,0,1,34,0.1,2,9,3501,3,1,0,0,3
1572,1,0.8,1,7,1,8,0.8,5,8,3461,10,1,1,1,3
1627,0,0.9,1,9,1,32,0.1,6,16,3206,16,1,1,0,3
1701,1,0.5,0,13,1,46,0.9,2,15,3717,10,1,1,0,3
1900,1,0.5,1,0,1,55,0.9,1,1,3917,18,1,0,1,3
1974,0,1.0,0,4,0,24,0.3,7,13,861,6,1,0,1,0
1197,1,0.5,1,9,0,20,0.1,5,10,2885,14,1,1,1,2
587,1,2.3,1,4,0,6,0.7,1,16,2777,14,1,1,0,2
934,0,1.1,0,7,0,24,0.8,5,12,1017,9,0,0,1,0
1195,0,2.0,1,1,1,23,0.1,4,9,980,17,1,0,0,0
1853,1,1.0,0,2,0,23,0.4,1,15,2775,17,1,0,0,3
1164,0,1.0,0,4,1,19,0.9,8,18,3309,3,1,0,1,3
1512,1,0.5,0,8,1,18,0.1,3,17,3607,6,1,1,1,3
1232,0,2.9,1,1,1,24,0.3,5,17,1257,16,1,0,0,0
1813,1,0.6,1,0,1,5,0.2,3,8,759,14,1,1,0,0
946,1,2.6,1,17,0,5,0.1,3,20,3720,4,0,1,0,3
739,1,2.3,1,2,1,58,0.1,3,4,475,6,1,0,1,0
704,1,2.7,0,8,1,29,0.2,1,10,1122,10,1,1,1,0
1663,1,0.5,0,0,0,40,0.6,4,15,1336,15,1,0,0,1
1966,1,1.4,1,2,0,40,0.9,8,18,1185,20,0,1,0,2
1219,0,1.0,1,0,0,17,0.7,5,4,705,6,0,1,1,0
612,1,0.7,0,6,0,35,0.6,5,12,3169,6,0,0,0,2
1658,1,1.4,0,0,1,39,0.7,1,5,3483,15,1,0,1,3
1263,0,0.5,0,12,0,64,0.3,5,18,1183,17,0,0,1,1
1395,1,2.8,0,0,1,55,0.6,3,1,3373,16,1,1,0,3
621,1,2.7,1,0,0,54,0.1,4,20,2801,5,1,1,1,2
652,0,0.5,1,1,0,58,0.6,3,2,565,9,0,0,1,0
1175,0,0.6,0,10,0,25,0.1,2,12,3153,12,1,0,0,2
561,1,1.0,0,0,0,11,0.1,8,10,3421,5,1,1,1,2
1137,0,2.2,0,6,1,3,0.9,5,7,316,17,1,0,0,0
1835,1,2.3,0,4,1,11,0.1,7,13,448,14,1,0,0,0
1170,0,2.9,1,2,0,40,0.4,6,5,2366,2,1,1,1,1
1595,1,0.8,1,0,1,44,0.7,4,20,3881,9,1,0,1,3
1719,1,2.0,0,0,0,12,0.3,8,7,462,5,0,0,0,0
1770,0,2.3,1,0,0,7,0.8,7,6,1480,17,1,0,0,1
1312,0,0.5,1,0,1,28,0.8,2,0,1087,14,1,0,0,1
1878,0,1.5,1,5,1,56,0.3,5,13,2711,3,1,1,1,2
1871,1,2.0,0,7,1,20,0.1,7,14,2144,12,1,1,1,2
922,0,1.5,1,1,1,35,0.9,7,15,1165,4,1,1,1,0
1975,1,1.5,0,6,1,16,0.9,8,11,2998,13,1,1,0,2
1212,0,2.6,0,1,1,46,0.3,4,8,2249,4,1,1,1,2
1430,1,0.9,0,3,0,56,0.1,3,5,752,17,0,0,1,0
1958,1,1.9,1,0,0,4,0.2,2,3,1409,3,0,0,0,1
1836,1,2.1,1,0,1,30,0.2,7,15,3072,5,1,1,0,3
557,1,1.6,0,0,0,24,0.5,3,0,1305,3,1,0,1,0
539,1,0.6,1,9,0,21,0.1,7,14,3597,9,0,0,0,2
880,0,0.5,1,1,0,44,0.5,8,15,3132,6,0,1,1,2
1369,1,1.8,1,6,0,34,0.5,1,7,3856,18,0,1,1,3
1109,1,2.7,1,1,0,39,0.4,1,9,1524,7,1,1,1,1
843,0,1.8,1,0,0,16,0.1,5,6,3673,20,1,0,1,3
598,0,2.3,1,7,0,21,0.7,2,10,3293,7,1,0,1,2
972,1,2.7,1,1,0,5,1.0,4,2,3035,19,1,0,1,2
1944,1,0.5,0,5,1,36,0.1,6,18,584,13,1,1,0,1
1225,0,0.7,1,0,1,2,0.6,7,1,2675,15,1,1,0,2
644,1,1.3,1,7,1,30,0.5,1,16,2382,19,1,0,1,2
1919,0,1.5,0,5,1,48,0.8,4,6,1391,12,1,0,1,1
501,0,2.3,0,12,1,54,0.3,4,19,2346,2,1,0,1,1
1620,1,2.2,1,0,1,30,0.2,3,3,606,18,1,0,0,0
1227,1,1.1,1,0,0,34,0.2,3,3,1324,12,0,1,1,1
1359,1,0.5,1,1,1,58,0.5,6,3,1076,4,1,1,1,0
1914,0,0.7,0,1,0,35,0.6,8,2,643,8,1,0,1,1
1645,1,1.8,0,1,0,21,0.7,7,2,783,20,1,0,0,0
1063,1,1.1,0,0,1,26,0.8,5,2,3809,5,1,0,1,3
946,0,2.1,0,0,1,19,0.2,8,0,2104,16,1,1,0,1
1231,0,1.2,1,5,0,54,0.8,3,10,1762,6,1,1,0,1
1397,0,2.9,1,13,0,9,0.5,6,18,3137,11,1,1,1,3
701,1,0.7,0,7,0,15,0.5,3,11,1756,17,1,1,1,1
570,1,0.5,1,2,0,9,0.3,7,5,3663,14,0,0,0,3
1993,1,0.5,0,10,1,27,0.3,8,11,2437,9,1,0,0,2
955,0,0.5,1,4,0,43,0.9,5,8,1432,9,1,1,1,1
924,0,0.5,1,0,1,47,0.3,8,6,1620,12,1,0,0,1
600,0,0.5,0,0,0,14,0.8,5,2,1655,9,0,0,0,0
518,0,0.8,1,0,0,3,0.1,7,1,2832,8,1,0,1,2
1063,1,2.5,0,0,1,31,0.9,6,10,961,5,1,1,0,0
920,1,0.5,0,2,0,46,0.8,3,3,2608,2,0,0,1,2
1715,0,1.9,0,4,1,3,0.1,5,6,514,13,1,0,0,0
1841,1,1.3,1,6,0,14,0.6,8,8,2304,18,0,0,1,2
543,1,0.5,1,4,1,60,0.7,5,7,933,5,1,1,0,0
1762,1,2.7,1,13,1,25,0.9,1,14,1896,20,1,1,1,1
1112,1,0.5,1,1,0,53,0.6,4,16,3655,20,1,1,0,3
709,1,2.0,1,0,0,35,0.1,1,0,1973,16,0,1,1,1
1315,1,2.6,0,7,0,64,0.8,7,16,3278,13,0,0,0,2
1762,1,2.5,0,10,1,15,0.3,8,11,2183,11,1,1,0,2
1462,1,1.7,1,1,0,25,0.2,7,18,824,13,1,0,1,0
571,0,1.6,1,8,0,35,0.2,7,20,2598,8,1,1,0,1
666,1,0.5,1,7,1,54,0.4,3,13,1254,9,1,1,1,0
1994,0,1.5,1,2,1,7,0.5,8,7,3622,20,1,0,1,3
1583,1,2.1,1,11,0,14,0.7,7,16,1704,2,1,0,1,2
1778,0,1.4,1,3,1,45,1.0,4,17,1624,9,1,1,0,1
1926,1,1.1,0,13,1,50,0.2,6,17,3809,17,1,1,0,3
966,1,0.6,0,9,1,50,0.2,4,10,2574,5,1,0,1,2
568,0,2.0,0,1,0,36,0.3,3,4,950,9,1,0,0,0
1897,0,3.0,0,1,1,21,0.5,8,2,273,3,1,1,1,0
1695,0,0.5,1,6,1,46,0.7,3,9,446,15,1,1,1,1
1623,1,1.2,0,6,1,61,0.9,7,12,1510,17,1,1,0,2
914,1,0.5,0,0,1,26,0.7,4,0,1122,2,1,1,1,0
1721,1,0.5,1,4,1,33,0.5,4,5,707,5,1,1,1,0
890,1,2.2,1,4,0,44,0.5,8,13,751,3,0,0,0,0
600,0,0.5,0,1,0,48,0.8,3,7,3393,8,1,0,0,2
1677,0,1.8,1,4,0,11,0.7,6,8,3771,12,1,0,0,3
723,0,0.5,0,0,1,3,0.2,4,3,1851,16,1,0,0,1
638,0,1.7,1,11,0,27,0.5,4,17,2735,9,1,1,0,2
852,0,1.0,1,4,1,62,0.7,7,13,2253,7,1,1,0,1
1979,1,1.6,1,0,0,32,0.2,7,1,452,14,0,1,0,0
710,1,0.5,0,6,0,32,0.8,5,9,1419,18,0,1,0,0
1034,0,2.6,1,2,1,45,0.3,3,4,969,7,1,0,0,0
600,0,2.5,1,8,1,22,0.1,1,11,3441,5,1,0,0,2
1027,0,0.5,0,2,1,64,0.9,2,7,3786,12,1,0,0,3
1260,0,0.6,0,5,1,13,1.0,6,6,2710,8,1,1,0,2
1793,0,1.8,1,10,0,12,0.5,6,17,3533,15,1,1,1,3
675,0,2.3,0,10,0,60,0.9,5,15,1735,13,1,0,1,0
658,1,2.7,0,0,1,12,0.9,7,3,3587,20,1,0,0,3
1694,1,0.6,0,0,1,34,0.3,7,7,2298,2,1,1,0,2
804,1,0.8,1,12,1,41,0.9,1,13,2027,11,1,0,0,1
1713,0,2.5,1,1,0,27,0.9,7,3,2406,20,1,0,1,2
706,0,0.5,0,13,1,31,0.1,3,19,2419,4,1,0,1,1
1362,0,0.5,0,3,0,25,0.8,7,9,995,18,0,1,1,0
1527,0,2.7,0,10,1,60,0.1,5,14,2078,11,1,1,1,2
768,0,0.5,1,0,0,19,0.9,2,1,1145,7,0,0,1,0
1314,0,2.9,1,8,1,41,0.1,4,12,626,4,1,1,1,0
705,1,0.5,0,5,1,57,0.9,6,9,1509,18,1,1,1,1
1403,0,2.7,0,2,1,26,0.1,5,3,3371,9,1,0,1,3
1486,0,2.6,0,7,0,52,0.1,4,15,297,15,0,1,0,0
781,0,1.1,0,2,0,38,0.4,5,7,3508,5,0,0,1,3
986,1,1.5,0,1,1,23,0.8,8,3,2385,19,1,0,0,1
1310,0,1.4,0,0,0,33,0.4,1,14,1301,19,0,0,1,1
560,1,2.0,1,6,1,57,0.3,3,12,2167,7,1,0,1,1
1348,0,1.3,0,0,0,43,0.4,5,6,3914,8,1,0,1,3
1567,0,0.5,1,3,0,22,0.5,6,6,2312,18,1,0,0,2
1940,1,0.9,1,4,0,17,0.7,5,7,2297,8,0,1,0,2
1979,1,2.9,1,0,1,19,1.0,3,9,411,2,1,1,1,0
561,1,2.1,1,7,1,2,0.1,3,13,665,4,1,1,0,0
1717,1,1.3,0,1,0,62,0.7,1,3,3226,5,0,1,0,3
535,0,1.5,0,1,1,48,0.7,1,4,740,18,1,1,0,0
1413,0,0.5,1,4,1,39,0.1,5,12,3878,4,1,0,0,3
1358,0,2.5,1,0,0,20,0.6,7,0,3406,11,0,0,1,3
1519,0,2.9,0,2,0,30,0.7,7,8,2440,10,1,1,1,2
1254,0,1.2,1,2,0,50,0.7,5,6,3959,17,1,1,0,3
1591,1,2.2,0,3,1,49,0.4,6,7,3703,20,1,1,0,3
977,1,2.8,1,2,0,35,0.6,2,15,3714,10,0,1,1,3
1640,1,0.7,0,10,1,21,0.8,7,14,337,5,1,1,0,0
663,0,0.8,1,0,0,25,0.6,2,1,3176,2,1,0,1,2
1744,1,1.0,0,1,1,20,0.5,8,3,1205,14,1,0,0,1
1624,0,1.6,1,8,0,28,0.4,2,10,2473,2,1,0,0,2
1108,1,1.3,1,14,1,2,0.3,7,20,1229,4,1,1,0,0
1188,1,1.4,1,0,1,9,0.6,2,0,2896,16,1,0,1,3
817,0,1.3,0,0,0,11,0.5,3,11,2039,19,0,1,0,1
863,0,1.6,1,5,1,6,0.7,4,13,520,18,1,0,1,0
1397,0,2.4,1,5,1,3,0.2,3,15,1378,4,1,1,1,1
1108,0,1.0,0,3,0,49,0.7,5,12,3254,16,1,0,0,3
1068,0,2.0,1,1,1,37,0.9,7,13,1803,7,1,0,0,1
1702,1,2.3,0,12,1,52,0.5,2,15,2501,4,1,0,0,3
808,0,0.5,1,0,0,8,0.1,4,1,3762,12,1,0,1,3
1156,0,0.5,0,6,0,61,0.1,7,9,1796,13,0,1,1,1
1271,0,0.5,1,2,0,54,0.1,8,3,990,6,0,1,1,0
696,0,0.5,0,6,0,51,0.3,3,8,2630,9,0,0,1,1
1981,1,1.9,1,13,0,45,0.3,6,18,1380,13,0,1,0,1
614,0,1.7,1,0,1,58,0.2,7,2,3487,11,1,1,1,2
1590,0,0.6,1,0,0,7,0.3,3,17,1201,18,1,1,1,1
1945,0,1.6,0,4,0,21,0.7,3,10,3015,15,0,0,0,3
1135,1,2.8,1,9,0,43,0.4,1,11,3204,6,1,0,0,3
1049,0,0.6,1,8,1,2,0.3,6,10,433,6,1,0,0,0
1807,1,2.1,0,2,0,49,0.8,1,10,1906,13,0,1,1,2
984,1,0.5,0,13,1,42,0.8,7,17,898,13,1,1,0,0
720,1,1.4,1,0,1,61,0.6,7,8,2799,15,1,0,1,3
1536,0,0.8,0,12,0,13,0.3,7,20,2020,16,1,1,0,2
771,1,0.5,0,3,0,25,1.0,4,6,770,20,0,1,0,0
503,0,2.5,0,3,0,57,0.6,6,11,305,16,0,0,1,0
675,0,2.4,0,1,0,42,0.6,7,2,2953,13,1,1,0,2
1936,1,1.9,1,13,1,34,0.2,7,14,1671,9,1,0,1,1
1303,0,1.0,1,0,1,15,0.1,3,10,2574,14,1,1,1,2
1004,1,2.9,1,0,0,35,0.2,6,9,3772,18,0,1,1,3
1972,0,1.2,1,0,0,37,0.7,2,1,2870,17,0,0,0,3
1822,0,1.2,0,0,0,8,0.2,6,0,2577,8,1,1,0,2
1159,1,2.8,0,5,1,18,0.5,1,7,2246,3,1,1,0,1
1782,1,2.8,1,6,1,58,0.8,1,13,2405,16,1,0,1,2
894,0,2.1,1,16,0,16,0.7,8,20,3377,6,1,1,1,2
1884,0,2.1,1,7,1,43,0.8,1,18,3619,7,1,1,1,3
1648,1,0.5,0,1,1,17,0.9,2,3,1184,2,1,0,1,1
798,0,2.4,0,5,0,4,0.2,3,9,2965,14,1,1,0,2
802,1,2.4,1,1,0,45,0.8,3,9,3713,8,0,0,0,3
1276,1,2.9,1,2,0,53,0.3,2,3,3798,8,1,1,1,3
1331,1,1.6,0,0,0,16,0.5,2,7,1026,20,1,0,1,1
1620,0,2.6,1,6,0,5,0.9,6,18,1086,13,1,0,0,1
1996,0,2.5,0,5,1,51,0.4,4,9,2236,12,1,0,1,2
1092,0,2.7,1,8,0,45,0.8,1,10,1303,20,0,1,1,1
1018,1,0.7,1,7,0,63,0.1,5,18,3048,2,0,0,1,2
545,0,0.5,0,0,1,11,0.3,3,1,616,19,1,1,1,0
554,1,1.3,0,0,0,12,0.1,6,10,3764,4,0,1,1,2
1264,0,2.9,1,2,1,34,0.2,3,3,419,3,1,1,1,0
1030,0,1.6,1,3,1,58,0.2,6,20,2858,18,1,1,1,3
1432,1,1.7,1,6,1,39,0.3,4,18,504,10,1,1,0,0
558,1,2.8,0,1,1,49,0.8,5,4,392,8,1,1,1,0
829,0,0.5,0,0,0,56,0.6,7,1,820,11,1,0,1,0
1741,1,1.8,0,0,0,14,0.7,8,0,3387,3,1,0,0,3
1849,1,2.3,0,7,1,15,0.4,5,19,3447,19,1,0,1,3
733,0,2.1,0,5,1,7,0.2,7,10,1403,2,1,1,0,0
1872,1,0.9,1,0,0,16,0.5,2,2,2295,16,0,0,1,2
1853,0,0.5,1,1,0,27,0.3,6,13,1973,8,1,0,1,2
1149,1,2.2,0,4,0,30,0.2,6,5,3755,8,1,0,0,3
891,0,0.5,1,9,1,25,0.3,2,19,2073,10,1,0,1,1
1911,1,2.0,0,7,1,64,0.6,8,8,3872,11,1,1,0,3
550,1,0.5,0,16,1,23,0.1,2,17,302,8,1,0,0,0
576,0,0.8,0,0,1,27,0.1,2,4,1519,8,1,0,1,1
1760,0,1.9,0,1,1,50,0.8,1,2,2549,4,1,1,0,2
969,0,2.4,0,0,0,45,0.3,7,0,404,19,1,0,1,0
1160,0,1.1,0,1,1,63,0.7,3,2,595,15,1,0,1,0
827,0,1.1,1,2,1,18,0.9,2,16,1663,17,1,1,1,0
1786,0,0.5,0,9,1,58,0.7,7,10,2764,7,1,1,1,3
774,1,0.6,1,2,1,8,0.4,1,4,2614,14,1,1,1,2
819,1,2.5,1,0,1,11,0.2,8,1,1094,15,1,0,0,0
1042,0,2.2,0,15,1,11,0.6,5,16,2826,2,1,0,0,2
1368,0,3.0,1,10,0,50,0.2,7,18,2496,5,0,1,1,2
1592,0,2.1,0,6,1,50,0.1,2,17,2103,7,1,0,0,1
1067,0,1.8,1,11,0,14,0.2,1,15,966,13,0,0,1,0
1892,1,0.7,0,5,0,47,0.4,4,10,2172,3,1,1,1,2
915,0,1.1,0,6,0,56,0.6,8,17,905,12,0,1,0,0
774,1,2.8,0,7,1,55,0.9,3,18,3916,12,1,1,0,3
1848,1,1.4,1,2,1,42,0.7,2,10,3902,3,1,0,1,3
1501,0,1.1,0,12,1,2,0.2,1,15,2487,16,1,1,1,2
1614,0,1.9,0,8,1,55,0.3,3,17,3914,13,1,0,0,3
911,1,2.9,0,0,0,46,0.1,5,1,363,17,0,1,0,0
1520,0,0.5,0,1,1,24,0.7,5,8,3233,4,1,0,1,3
1647,0,1.4,1,3,1,38,0.3,6,15,2532,15,1,0,1,2
1347,0,0.9,1,8,1,53,0.8,6,15,3836,14,1,0,1,3
967,1,1.6,0,4,0,25,0.6,8,9,3076,18,0,1,1,2
1442,0,2.2,0,0,1,56,0.7,5,3,1513,7,1,1,0,2
1204,1,2.6,0,0,0,10,0.3,7,3,1724,19,1,0,0,1
1320,0,2.1,1,0,1,41,0.6,7,2,542,14,1,1,0,0
1800,1,0.7,0,2,1,8,0.4,7,6,3481,8,1,0,1,3
1567,0,2.1,1,3,0,22,0.8,3,19,3991,10,1,0,0,3
1439,0,0.9,0,12,1,20,0.8,1,17,1790,15,1,0,1,1
1422,0,1.0,0,15,0,3,0.1,1,17,509,3,1,1,1,0
1591,1,2.2,1,4,1,52,1.0,3,16,282,14,1,1,1,0
880,0,1.7,0,2,0,6,0.6,4,19,3006,3,1,0,0,2
1929,1,0.5,1,0,1,19,1.0,6,2,1913,6,1,1,0,1
1642,1,1.6,1,0,0,5,0.4,5,2,1333,2,0,0,1,2
1511,0,2.5,1,3,0,21,0.2,3,18,3746,5,1,0,0,3
1312,0,1.3,0,5,1,10,0.6,2,9,3941,13,1,1,1,3
1852,0,1.4,0,4,1,10,0.7,1,18,3970,11,1,0,1,3
972,1,1.3,0,8,0,44,0.7,7,10,3925,7,0,1,0,3
691,1,2.7,1,4,1,33,0.9,4,8,424,15,1,1,1,0
807,0,0.5,0,9,0,8,0.3,5,20,1284,2,0,1,1,0
1113,0,0.6,1,0,0,25,0.3,1,10,277,12,1,0,1,0
721,1,1.3,1,10,0,16,0.9,1,18,1713,4,0,1,1,1
1188,1,1.5,1,0,0,54,0.3,6,2,485,7,0,1,0,0
1512,1,0.5,0,1,0,52,0.1,1,14,3002,7,0,0,1,2
805,1,0.7,0,0,0,64,0.1,4,14,418,17,0,1,1,0
918,0,0.9,1,1,0,8,0.1,7,5,1652,14,1,1,0,1
1320,0,0.5,1,7,0,48,0.2,5,16,2893,9,0,0,1,2
1236,0,0.9,1,2,1,57,0.1,1,14,1406,20,1,0,1,0
1387,0,0.5,0,0,1,61,0.5,3,0,629,11,1,1,0,0
1883,1,2.7,1,6,1,30,0.5,2,10,3724,20,1,1,1,3
839,0,2.0,1,0,0,14,0.4,7,3,3835,11,1,0,0,3
1593,1,1.0,0,0,1,52,0.7,8,0,1354,13,1,1,1,1
1722,1,1.0,0,7,0,25,0.8,6,19,2376,19,0,0,1,3
1954,0,0.6,1,8,0,7,0.9,3,9,3438,13,1,0,0,3
1788,1,0.5,1,15,1,2,0.3,6,20,2655,4,1,0,1,2
1628,0,0.5,0,5,1,33,0.9,6,8,3361,13,1,0,0,3
1965,0,0.5,0,6,1,4,1.0,7,9,3535,16,1,1,1,3
833,1,2.2,0,4,0,27,0.9,1,6,2150,7,0,1,1,1
571,0,0.6,0,1,1,43,0.5,3,8,2587,18,1,0,0,1
1808,1,0.5,1,1,0,31,0.5,2,16,2736,8,0,0,1,3
1860,0,0.5,1,2,1,55,0.7,6,3,676,4,1,0,1,0
1368,1,1.6,1,4,0,9,0.1,7,7,2941,17,0,1,0,3
1161,0,1.3,1,0,1,21,0.6,8,12,3336,14,1,0,1,3
1224,1,1.6,0,9,0,33,1.0,1,18,3796,13,1,1,0,3
902,1,0.6,1,0,0,63,0.7,5,14,3654,15,0,1,1,3
787,1,0.5,0,15,0,11,0.6,1,16,2934,14,1,0,1,2
854,0,0.5,0,2,0,30,0.5,8,5,2889,11,0,0,1,2
1184,0,1.5,1,1,1,48,0.6,1,6,3315,14,1,1,1,3
1973,0,1.6,1,5,1,39,0.8,4,6,1993,5,1,0,0,2
510,0,1.7,1,3,0,35,0.8,3,6,2509,11,0,1,1,1
966,0,2.0,0,8,1,34,0.5,2,10,3534,11,1,1,1,3
1438,1,1.8,0,3,0,16,0.6,8,7,2246,15,0,0,0,2
1986,0,0.5,0,7,0,51,0.4,3,9,3165,13,1,0,0,3
1907,0,2.0,0,13,0,55,0.9,7,15,286,17,1,0,1,0
1489,0,2.4,1,8,0,32,0.6,1,16,776,8,0,0,0,0
1843,1,1.8,1,13,1,16,0.7,6,18,3213,15,1,1,0,3
825,1,1.5,0,11,0,38,0.4,3,18,716,14,0,1,0,0
1286,1,2.3,0,10,1,16,0.1,2,18,424,4,1,1,0,0
840,0,0.6,0,0,1,63,0.8,7,19,3486,18,1,1,0,3
757,0,2.3,1,5,1,58,0.2,4,7,3237,9,1,0,1,2
814,1,1.1,1,2,0,41,0.8,2,10,1944,12,1,0,0,1
1195,1,1.1,1,2,1,8,0.9,6,6,643,19,1,0,0,0
767,0,0.8,0,7,1,10,0.5,4,12,2317,12,1,1,1,2
1068,0,1.3,0,6,1,52,0.1,8,7,1436,15,1,0,0,1
994,1,2.8,1,0,0,56,0.5,3,3,3190,20,1,1,1,2
1550,1,2.5,0,6,0,21,0.8,2,11,2338,15,0,1,0,2
1878,1,0.5,0,9,0,29,0.6,8,19,1334,2,0,0,0,1
623,0,2.0,0,2,0,6,0.1,3,4,3657,19,1,1,0,2
1829,1,0.5,0,0,1,15,0.4,5,7,2080,12,1,0,1,2
525,0,2.4,1,11,0,35,0.8,7,20,1609,3,0,0,0,0
1065,1,0.5,0,0,1,14,0.7,2,2,3078,18,1,0,1,2
1425,0,1.2,0,9,1,35,0.7,8,14,590,6,1,1,1,0
1296,0,1.4,1,3,0,11,0.2,7,4,2552,10,1,1,1,2
642,0,2.8,0,3,0,34,0.8,2,15,3355,13,0,0,0,2
1664,1,2.9,1,9,1,15,0.5,7,19,1968,9,1,0,0,2
1498,1,0.7,0,3,1,8,0.1,7,4,3358,19,1,0,0,3
981,1,1.9,1,0,0,2,0.1,3,7,1539,19,0,0,0,0
1236,1,2.8,0,6,1,32,0.3,4,18,942,14,1,1,1,0
1673,0,2.8,1,7,0,9,0.1,3,10,3669,10,1,0,1,3
712,1,1.6,0,6,1,9,0.8,2,14,3612,4,1,0,0,3
569,1,0.5,1,10,1,4,0.8,3,19,2351,10,1,1,0,1
603,1,0.7,1,0,1,64,0.2,6,0,604,8,1,1,1,0
1332,0,0.8,1,2,0,11,0.5,2,4,1285,9,1,1,0,1
1413,0,0.6,0,0,1,13,0.1,1,0,515,18,1,1,0,0
1064,0,2.9,1,1,1,34,0.2,6,13,654,6,1,0,0,0
1444,0,0.6,0,2,0,48,0.5,5,17,2540,15,1,1,1,3
1366,1,1.7,1,5,1,53,0.2,5,9,3869,14,1,0,1,3
906,0,2.1,1,7,0,18,0.1,2,11,3412,16,1,0,0,3
1554,0,2.7,1,3,1,47,0.7,5,12,509,19,1,0,0,0
1187,0,2.3,0,0,1,21,0.2,6,6,2547,5,1,1,0,2
1156,1,2.7,1,1,1,30,0.9,3,16,2735,13,1,0,1,2
1918,0,2.8,0,1,0,22,0.3,1,5,1369,6,0,1,1,1
841,1,0.5,1,8,0,39,0.1,6,13,2942,16,0,1,1,2
730,1,1.3,1,6,0,6,0.9,7,10,2812,17,0,0,0,2
878,1,1.3,0,13,1,31,0.5,4,18,3497,11,1,1,0,2
1059,0,0.5,1,0,0,50,0.7,8,1,619,18,0,1,1,0
1578,0,2.9,0,8,0,3,0.9,1,20,3483,16,1,0,0,3
1829,0,1.7,0,0,0,36,0.8,5,1,1475,7,0,0,0,1
1132,0,1.0,0,0,0,8,0.1,1,4,1950,6,0,1,1,1
1652,0,0.6,1,4,1,40,1.0,7,6,3592,6,1,0,0,3
912,0,0.5,1,0,0,58,0.3,5,1,3573,20,1,1,0,3
1181,0,2.3,0,12,1,61,0.6,2,16,2020,18,1,1,0,1
1497,1,0.7,0,5,0,32,0.7,3,9,1329,7,1,1,0,2
1790,1,2.3,1,3,1,49,0.5,3,11,3568,18,1,0,1,3
1742,1,1.6,0,3,0,49,0.8,1,9,1947,6,1,0,1,2
1549,1,0.5,0,4,0,8,0.4,5,7,1998,15,1,1,0,2
1372,1,2.7,0,7,0,34,0.4,4,17,725,20,1,0,0,0
1112,0,0.5,0,0,1,12,0.9,4,6,3302,20,1,1,1,3
1005,0,0.5,0,0,0,46,0.4,8,17,3884,20,0,1,1,3
783,1,1.7,1,9,1,27,0.3,6,11,1185,6,1,1,1,0
1698,0,2.5,0,10,1,26,0.4,2,18,1656,17,1,0,1,2
899,1,2.7,0,3,1,53,0.3,4,11,2870,10,1,0,1,2
1062,0,1.5,0,3,0,45,0.2,3,4,911,9,0,0,0,0
989,1,2.0,0,4,0,17,0.2,3,19,3892,19,1,1,0,3
1983,1,1.2,1,6,1,27,0.6,1,11,3897,10,1,1,1,3
1800,1,3.0,0,5,0,53,0.3,1,12,656,18,0,0,1,0
1254,0,1.7,0,0,1,45,0.4,3,3,606,2,1,1,1,1
868,0,1.7,0,0,0,30,0.8,4,0,1653,17,1,0,0,1
1205,0,0.5,1,3,0,12,0.6,4,6,860,14,1,0,1,0
1284,1,2.8,1,0,0,10,0.9,2,14,2197,9,0,1,1,1
626,0,0.7,1,2,1,23,0.5,2,9,3458,11,1,0,1,2
1763,0,2.9,1,1,1,53,0.2,4,20,2066,17,1,1,1,1
694,1,1.8,1,15,0,36,0.4,4,20,3676,5,1,0,1,3
1265,0,0.6,1,4,1,49,0.5,1,5,1518,8,1,0,1,1
816,1,0.5,0,4,0,14,0.9,3,13,1018,15,1,0,0,0
904,0,1.8,0,3,1,35,0.4,3,4,1360,11,1,0,0,0
979,0,0.5,1,0,1,5,0.5,7,2,3449,14,1,0,0,3
1531,0,2.0,0,0,1,60,0.4,6,1,2524,7,1,0,0,2
934,0,2.0,1,2,0,30,0.7,8,15,703,7,0,0,1,0
1624,1,2.6,1,0,0,58,1.0,3,11,1251,18,0,1,1,1
874,0,1.3,0,5,0,8,0.5,1,20,582,15,0,0,0,0
1027,1,2.2,0,0,0,63,0.8,5,4,1732,13,0,1,1,1
1966,0,0.8,1,15,1,48,0.2,1,16,1252,19,1,1,1,2
1048,1,1.5,0,2,1,29,1.0,1,4,2146,2,1,0,0,1
1496,1,1.9,1,13,0,38,0.1,4,14,1927,6,0,0,1,1
959,1,1.7,0,15,0,13,0.4,4,16,3328,10,1,1,1,2
1349,1,2.2,1,5,0,55,0.1,7,7,2462,17,1,0,1,2
1689,1,2.4,1,0,1,13,0.9,2,9,1172,17,1,1,1,0
1558,1,2.4,0,0,1,27,0.1,1,1,3598,12,1,0,1,3
582,0,0.5,1,3,0,27,0.2,3,10,2437,2,1,1,1,2
1485,0,2.8,0,3,1,44,0.1,4,14,3271,8,1,1,0,3
1991,1,1.8,0,11,0,9,0.7,3,12,1511,9,0,0,0,1
553,0,0.5,1,2,1,23,0.5,3,3,2981,14,1,0,0,2
1231,0,0.7,1,2,0,7,0.9,1,7,3119,15,1,1,0,3
805,0,0.8,0,1,0,34,0.6,6,2,3647,9,1,0,1,3
764,1,1.2,1,1,0,13,1.0,8,2,3148,6,1,1,0,2
894,0,0.9,0,5,1,54,0.2,3,15,2829,13,1,0,1,2
1589,0,2.6,0,9,0,46,0.4,3,16,2373,20,1,1,0,2
1456,0,1.6,1,9,1,39,0.1,8,10,3998,13,1,1,0,3
743,0,0.5,1,0,1,33,0.3,2,1,316,4,1,0,0,0
1061,1,2.1,0,3,1,52,0.1,7,4,999,9,1,1,0,0
1428,1,1.6,0,0,0,7,0.1,4,2,1808,13,0,1,0,1
674,1,2.8,1,0,1,8,0.2,3,0,589,4,1,1,0,0
832,0,1.1,0,0,1,46,0.3,6,0,3317,19,1,1,0,3
1625,1,0.5,1,2,1,50,0.1,8,17,670,8,1,0,0,0
907,0,1.4,1,3,0,42,0.2,1,16,584,6,1,0,0,0
1631,0,0.5,0,2,1,13,0.5,2,16,2173,8,1,1,0,2
1584,1,1.3,0,6,0,41,0.6,4,15,1561,17,0,0,1,1
1382,1,0.5,0,7,1,13,0.3,2,18,2073,9,1,0,1,1
633,1,1.4,0,0,1,46,0.7,6,10,1401,11,1,1,0,1
1444,1,2.1,0,9,0,38,0.4,7,16,3764,10,0,0,0,3
852,1,1.6,1,6,1,54,0.4,5,7,1275,12,1,0,1,0
922,1,0.7,0,0,1,47,1.0,8,14,1464,12,1,0,1,1
1745,0,1.5,1,4,1,57,0.1,3,16,2885,5,1,1,1,3
862,0,2.3,0,9,1,6,0.1,8,14,3458,9,1,1,1,3
1754,1,2.1,1,1,1,52,1.0,4,3,3019,19,1,0,1,3
1008,0,2.5,0,3,0,36,1.0,1,14,1083,6,0,0,0,1
1569,0,0.5,1,3,0,33,0.2,1,13,3538,15,1,0,1,3
1596,0,2.9,1,7,0,7,0.7,2,9,2493,13,1,1,1,2
1807,1,0.5,1,2,1,61,0.1,6,6,3726,15,1,0,0,3
1660,0,2.8,1,4,0,7,0.8,1,6,1531,7,0,0,0,1
1861,1,0.9,0,4,1,55,0.5,7,8,601,4,1,0,0,1
648,0,1.9,1,4,0,8,1.0,5,19,2991,4,0,0,1,2
1379,0,0.5,1,1,0,19,0.3,8,17,3912,19,0,1,1,3
1910,1,1.7,0,0,0,34,0.6,2,0,309,10,0,0,1,0
1807,0,2.0,1,0,1,13,0.5,8,0,323,3,1,1,1,0
1923,0,0.5,1,7,0,46,0.5,1,10,1489,3,1,1,1,1
1345,1,3.0,0,7,1,38,0.1,3,11,1322,15,1,0,0,1
904,0,1.6,1,5,1,14,0.2,8,9,1846,3,1,0,1,1
1239,0,1.2,1,5,1,52,0.9,2,10,417,6,1,0,1,0
1330,0,0.9,0,6,1,52,0.8,4,12,3269,8,1,1,0,3
516,1,0.7,1,1,0,30,0.9,1,12,3731,15,0,0,0,2
672,1,0.5,1,0,0,54,0.9,4,11,667,14,0,0,0,0
892,1,0.5,0,0,1,47,0.4,1,18,1241,9,1,0,1,1
1778,0,0.5,0,0,1,23,0.5,6,11,3941,13,1,0,0,3
1130,1,2.5,0,4,1,58,0.1,5,14,1018,16,1,0,0,0
1359,0,0.6,0,4,0,59,0.3,2,6,3142,17,0,1,1,3
1866,1,2.5,1,3,1,47,0.8,5,9,1444,20,1,0,0,1
1597,0,2.3,0,11,0,34,0.4,1,14,934,9,0,1,0,0
1046,1,2.8,1,0,1,58,0.2,8,0,3863,9,1,1,1,3
1035,0,0.6,1,2,1,44,0.5,3,3,3506,12,1,1,0,3
1175,1,1.3,0,2,0,19,0.3,7,9,1944,9,1,1,0,1
1261,1,0.5,1,0,1,11,0.2,4,0,348,14,1,0,1,0
1068,0,0.7,1,9,0,51,0.5,4,15,550,6,1,1,0,0
1713,0,3.0,1,5,1,20,0.9,7,17,971,10,1,0,0,0
1688,0,2.5,0,0,1,21,0.2,7,0,3984,8,1,1,1,3
1413,1,0.5,1,4,1,45,0.4,5,6,2973,15,1,0,1,3
559,1,0.5,0,10,0,11,0.4,5,14,2019,16,1,1,1,1
1483,1,2.6,1,13,0,19,0.6,7,19,1587,19,0,0,0,1
860,1,1.6,1,13,0,48,0.5,7,18,1870,18,1,0,0,1
1090,0,1.3,1,5,0,27,0.1,4,16,1352,11,0,1,0,1
686,1,0.5,0,11,0,3,0.3,6,15,570,19,0,1,0,0
818,0,1.3,0,14,0,43,0.9,6,15,546,7,1,1,1,0
1456,0,1.6,1,5,0,49,0.2,3,20,3624,16,1,1,0,3
774,0,0.5,1,2,1,10,0.5,2,9,2944,2,1,1,1,2
1068,0,0.5,1,0,1,19,0.9,8,9,1209,12,1,1,0,0
1373,1,1.9,1,1,1,29,0.9,6,12,2752,7,1,1,1,3
1777,1,3.0,0,3,0,20,0.6,6,5,3868,7,0,1,1,3
594,0,0.8,0,2,1,28,0.1,5,3,3087,4,1,1,1,2
1524,0,2.6,1,5,0,57,0.5,2,12,947,16,0,1,1,0
511,1,0.6,1,12,0,50,0.1,3,16,1484,8,1,0,0,0
1402,1,0.6,1,3,0,46,0.3,7,12,347,12,1,0,1,0
965,1,0.5,0,15,0,53,1.0,8,19,3227,8,1,0,0,2
1270,1,2.3,0,0,0,58,0.5,5,1,3299,16,0,0,1,3
919,0,0.5,1,11,0,13,0.3,1,15,1028,17,1,0,0,0
1963,1,1.0,0,16,1,34,0.1,2,17,714,2,1,0,1,1
1977,0,1.3,1,2,0,31,0.4,8,6,2641,7,0,0,0,3
1881,0,2.2,0,4,0,51,0.3,5,7,1229,14,1,0,0,1
683,0,0.7,0,5,0,19,0.9,4,17,2622,5,0,0,1,2
772,0,2.6,1,7,0,6,0.1,2,10,929,18,0,1,1,0
536,1,1.4,0,0,1,53,0.7,3,0,1211,7,1,0,1,0
1694,0,1.8,0,0,0,53,1.0,6,0,1653,6,1,0,0,2
1633,0,1.7,1,3,1,33,0.9,2,19,511,7,1,1,0,0
1371,0,0.5,0,4,0,52,0.5,4,19,3034,8,0,0,0,2
551,1,2.8,0,0,1,54,0.1,7,15,1414,19,1,0,1,0
1221,0,0.5,0,1,1,28,0.5,1,7,2438,10,1,1,1,3
1000,1,0.5,0,12,0,63,0.7,8,18,3744,7,0,0,1,3
1986,0,2.7,1,3,1,64,0.2,4,20,1377,15,1,1,1,1
1119,0,0.5,1,0,1,23,0.4,4,1,3520,7,1,0,0,3
1699,0,0.5,1,1,0,59,0.5,4,3,3796,12,0,1,1,3
1099,0,0.5,0,13,1,61,0.3,3,20,1699,3,1,1,1,1
1576,0,2.6,0,7,0,58,0.2,3,16,336,13,1,1,1,0
950,1,0.5,0,9,0,55,0.1,5,10,1095,13,0,1,0,0
1081,1,2.5,1,13,0,49,1.0,3,17,325,6,0,0,1,0
606,0,2.5,0,1,1,53,0.2,4,2,1223,7,1,0,0,0
502,0,1.5,1,7,0,37,0.2,2,12,1649,14,0,1,0,1
957,1,0.7,0,0,1,4,0.1,2,0,1898,3,1,1,0,1
1658,1,1.4,1,0,1,38,0.3,5,0,2609,19,1,0,0,2
1681,1,2.5,1,6,0,18,0.3,1,7,2265,20,1,1,1,2
1983,1,0.5,1,3,0,43,1.0,6,10,2775,3,0,1,1,2
1753,0,1.2,0,8,1,12,0.9,7,17,1445,12,1,1,1,1
1632,1,1.4,0,0,0,41,0.1,4,1,2614,15,1,0,0,2
1949,1,1.4,0,7,0,57,0.3,7,11,356,19,0,0,0,0
1696,0,1.7,0,1,0,13,0.9,3,2,523,4,0,1,1,0
688,0,2.5,1,0,0,57,0.8,7,3,3745,4,0,1,0,3
1104,0,1.7,0,1,1,60,0.4,2,13,1229,3,1,1,1,0
1122,0,2.8,0,0,0,28,0.6,3,4,1402,3,0,1,0,1
504,1,0.5,1,2,1,46,0.9,5,14,2085,8,1,0,0,1
1154,0,0.5,0,12,1,14,0.7,7,14,587,4,1,1,1,0
1727,0,2.1,0,2,1,63,0.6,7,8,2457,7,1,0,1,3
1674,0,2.8,1,0,1,52,0.2,3,7,2030,6,1,0,0,2
1948,0,2.8,1,5,1,18,0.2,2,14,816,3,1,0,0,0
1218,1,2.8,1,3,0,39,0.8,7,14,1667,12,0,0,0,1
531,0,1.1,0,10,0,63,0.7,7,14,2958,19,0,1,0,2
1057,0,2.1,0,4,0,5,0.5,5,13,3705,13,1,0,0,3
576,0,1.2,0,1,0,30,0.8,8,5,2800,16,0,1,1,2
1960,1,2.1,0,1,0,7,0.2,7,9,3773,6,0,1,1,3
673,1,1.7,1,3,1,22,0.1,1,5,2050,17,1,1,0,1
718,0,0.7,1,0,1,21,0.8,1,7,1754,9,1,0,1,1
864,0,1.7,0,3,1,35,0.3,3,7,1904,13,1,1,1,1
547,0,1.9,1,1,0,37,0.4,5,4,2705,10,1,1,0,1
623,1,0.9,0,1,1,3,0.1,8,7,3537,3,1,0,1,3
1793,0,0.7,1,11,0,27,0.4,5,13,1370,19,1,0,1,1
1720,1,0.7,1,0,0,19,0.1,2,3,1222,7,0,0,0,1
812,0,0.5,1,1,0,64,1.0,4,7,3102,2,0,0,0,2
980,1,0.5,0,0,1,33,0.9,6,0,2268,4,1,1,0,2
643,0,1.0,0,9,1,18,0.2,8,12,2648,18,1,1,1,1
1925,0,3.0,1,0,1,16,0.8,8,11,2173,19,1,1,0,2
1408,1,2.5,0,3,0,32,0.1,4,6,3162,3,1,0,0,3
1522,1,0.7,1,4,0,28,0.2,1,5,1368,17,1,0,1,1
587,1,2.5,0,16,1,51,0.6,1,17,2746,7,1,0,1,2
1959,0,0.5,1,5,0,18,0.7,6,20,619,8,1,1,1,0
1872,0,0.5,1,3,0,17,0.7,6,6,724,9,1,0,1,1
1043,1,0.5,0,7,0,42,0.1,3,8,912,6,0,1,0,0
1809,0,0.5,0,6,0,23,0.7,6,19,2784,20,1,1,1,3
1703,1,0.5,0,5,1,23,0.2,6,7,793,17,1,1,0,0
1095,1,0.5,0,4,0,45,0.5,1,5,560,10,1,1,0,0
1414,0,2.6,0,1,0,27,0.6,4,20,312,8,0,0,1,0
1659,1,2.5,0,2,0,41,0.1,7,18,545,9,0,1,1,0
1540,0,0.7,1,1,0,60,0.8,7,12,1591,2,1,0,1,1
1342,0,1.0,0,0,1,31,0.6,7,1,2746,10,1,1,0,3
1189,1,2.3,0,13,0,8,0.5,3,14,893,13,1,1,0,0
518,1,2.4,0,0,1,62,0.6,6,0,2514,7,1,1,1,1
1449,0,0.8,1,3,1,10,0.2,1,12,1032,8,1,1,1,1
516,0,1.1,1,0,1,39,0.4,5,7,819,10,1,1,1,0
1569,0,0.8,1,8,0,59,0.9,3,16,3672,15,1,0,1,3
1312,1,0.8,1,0,0,24,0.9,6,0,3833,17,0,1,0,3
1893,1,0.5,1,1,0,23,0.1,8,3,1482,17,0,1,0,2
1076,0,2.5,0,3,0,14,0.2,5,4,2043,14,0,0,0,1
530,1,2.6,0,1,0,40,0.9,6,2,1229,2,0,1,0,0
1044,1,2.8,1,7,0,33,0.6,4,13,1816,15,1,0,1,1
1330,0,1.1,0,11,0,37,0.7,7,20,2166,4,1,0,0,2
1836,0,1.1,1,0,0,14,0.7,5,1,2469,7,1,1,1,2
1741,1,0.5,0,1,1,55,0.1,5,3,2575,7,1,1,1,2
1869,0,2.6,0,0,1,30,0.4,1,13,1375,19,1,0,0,1
1331,0,0.5,0,8,0,55,0.9,3,15,1732,11,1,0,1,1
1655,1,0.5,1,6,1,4,0.1,3,12,673,12,1,0,0,0
605,0,1.5,0,9,1,18,0.9,2,14,2301,8,1,0,0,1
1245,1,0.6,0,2,0,30,0.7,5,3,2676,7,1,0,0,2
1709,1,0.8,0,8,1,58,0.8,2,10,1781,17,1,0,0,2
846,1,2.6,0,0,1,58,0.1,4,15,2248,13,1,0,0,2
1403,1,2.5,1,3,0,62,0.9,4,13,921,18,1,0,0,0
688,1,1.5,0,0,0,2,1.0,3,2,391,8,1,1,1,0
775,1,2.5,1,1,1,10,0.1,7,14,1719,18,1,1,1,1
1154,0,2.0,0,6,1,35,0.8,5,16,3262,16,1,0,0,3
1375,0,0.5,1,2,1,35,0.1,2,3,1947,15,1,1,1,1
1827,1,0.8,0,4,0,61,0.9,7,9,2693,7,0,1,1,3
1697,0,0.5,0,0,1,60,0.1,4,0,441,11,1,1,0,0
741,0,1.5,0,1,0,14,0.3,5,13,1886,9,1,1,1,0
1672,1,0.5,1,13,1,32,0.7,1,20,1267,20,1,1,0,1
514,1,0.7,0,4,0,57,0.1,3,7,687,20,1,1,1,0
1375,1,1.3,1,2,0,12,0.1,1,13,2890,12,0,0,0,3
989,1,1.8,1,4,1,55,0.7,1,12,1737,10,1,0,1,1
1510,1,2.5,1,11,0,47,0.7,2,13,887,5,0,0,0,0
1266,0,2.6,0,1,0,18,0.4,7,2,398,3,1,1,1,0
1396,0,2.4,1,0,0,46,0.1,7,1,2389,15,0,0,1,2
808,0,2.3,0,3,0,45,0.8,1,9,3431,13,0,1,1,3
1542,0,2.3,0,1,0,43,0.8,2,11,3601,16,0,0,0,3
745,1,0.6,1,5,0,35,0.8,8,10,2459,16,1,1,0,1
1735,1,1.9,1,0,1,59,0.7,6,0,3230,9,1,1,0,3
586,0,0.5,1,1,0,57,0.3,2,5,3646,11,1,1,1,3
1341,1,2.1,1,0,0,36,0.4,8,1,2200,15,0,1,0,1
781,1,1.3,1,1,0,64,0.2,2,7,3862,9,0,0,0,3
501,1,0.5,1,14,0,22,0.5,6,20,3077,17,0,0,0,2
1224,1,1.8,1,2,1,44,0.2,2,9,621,14,1,1,1,0
1970,0,1.6,1,11,1,58,0.3,8,19,2372,2,1,1,0,2
618,1,2.2,1,0,1,63,0.9,2,1,2574,5,1,1,0,2
1537,0,2.9,0,11,1,46,0.8,4,17,2857,2,1,1,1,3
1018,0,2.2,0,8,0,16,0.6,8,10,3143,20,0,1,0,3
1545,0,1.3,1,15,1,35,0.1,5,20,3197,6,1,0,1,3
1871,0,2.1,0,4,1,41,0.4,8,5,2727,11,1,0,0,3
1729,1,2.1,1,1,0,12,0.9,1,6,1519,5,1,0,1,1
680,1,2.1,1,9,1,9,0.1,3,11,2438,17,1,0,0,2
1106,1,1.9,0,4,0,54,0.7,3,9,2674,9,1,0,1,2
635,1,0.6,1,1,1,50,0.3,5,13,2107,12,1,0,0,1
618,0,0.6,0,8,0,16,0.2,1,14,2262,4,0,1,0,2
1671,0,0.5,1,13,0,5,0.9,8,18,815,10,1,1,1,0
1562,1,1.2,1,0,1,52,0.1,7,9,2829,3,1,1,1,2
1975,1,1.9,1,2,0,31,0.9,1,17,3022,19,0,0,1,3
831,1,0.7,0,2,1,62,0.7,8,9,2573,18,1,0,1,2
1524,1,1.8,1,0,0,10,0.6,4,1,2678,13,1,0,1,2
1528,1,1.8,1,3,1,55,0.8,5,6,1282,11,1,1,1,1
1447,1,2.5,1,2,0,9,0.2,8,16,568,8,0,0,0,0
1344,0,1.5,0,1,0,14,0.5,1,3,2074,5,1,1,0,1
564,0,3.0,1,1,0,8,0.7,2,3,2227,14,1,0,1,1
921,0,0.6,1,1,0,60,0.1,2,3,1080,6,0,0,1,0
1413,1,1.7,0,2,0,10,0.2,6,6,2867,15,0,1,0,2
831,0,2.4,0,10,0,55,0.5,6,12,1075,3,1,1,0,0
802,0,0.5,1,3,0,43,0.6,5,6,3063,4,0,1,0,2
1923,0,1.3,0,3,0,24,1.0,4,4,2479,15,1,1,0,2
1193,1,3.0,0,10,0,56,0.4,3,17,2394,14,1,1,0,2
904,1,1.2,1,10,1,31,0.8,3,11,2814,19,1,0,0,2
1285,0,2.4,0,1,1,51,1.0,7,2,2094,10,1,0,0,1
1635,0,2.6,1,0,1,2,0.6,4,0,2315,2,1,1,0,2
1923,0,1.0,1,5,1,14,0.9,4,6,2519,16,1,0,1,2
1851,1,1.9,1,3,1,12,0.9,6,11,735,14,1,0,1,0
727,1,1.5,0,0,1,32,1.0,7,1,1891,7,1,0,1,1
1396,0,1.5,1,0,1,44,0.1,6,1,1386,8,1,1,1,1
877,0,1.3,1,9,1,46,0.8,1,14,3260,6,1,0,0,2
696,1,2.4,0,11,1,35,0.2,3,13,2022,4,1,0,1,1
1009,1,1.0,1,2,0,2,0.6,8,14,1716,15,0,0,0,1
1526,0,1.1,1,2,1,38,0.3,5,6,3317,8,1,1,1,3
987,0,2.0,1,1,0,20,0.8,7,3,1454,8,1,1,0,0
1414,1,2.2,1,0,1,49,0.5,4,1,2290,12,1,1,0,1
1732,0,0.8,0,2,0,61,0.3,5,3,3940,20,0,1,1,3
1587,1,0.5,0,0,0,50,0.9,8,15,461,4,1,0,1,0
1097,0,0.8,0,10,1,21,0.1,7,15,2219,12,1,0,1,2
504,0,2.8,1,0,0,40,0.5,3,0,470,16,1,0,0,0
1159,0,2.7,0,13,1,28,0.2,8,18,2495,9,1,1,1,2
1910,0,1.4,0,0,0,29,0.6,7,2,2944,2,1,1,1,2
865,0,1.2,1,8,0,59,0.1,3,9,2361,19,1,0,1,2
1930,1,2.0,0,11,0,16,0.8,8,12,1783,13,0,0,1,2
860,1,1.3,1,8,1,40,0.7,3,13,2832,20,1,1,1,2
1268,1,2.9,0,9,1,42,0.9,6,17,931,20,1,1,0,0
999,1,1.8,1,0,1,27,0.1,4,1,1344,5,1,0,0,0
622,0,0.7,0,0,1,9,0.3,2,0,3916,5,1,0,1,2
1250,1,1.4,0,8,0,44,0.2,7,20,1882,14,0,0,0,1
763,1,0.5,0,9,1,51,0.3,5,12,2865,9,1,1,1,2
1100,1,1.6,0,12,0,15,0.1,8,14,757,16,1,1,1,0
815,0,2.0,1,4,0,51,0.3,6,12,3469,6,1,0,1,3
618,1,0.5,1,2,1,57,0.2,3,7,2399,17,1,1,1,1
553,1,2.2,1,0,1,18,0.7,2,1,3300,20,1,0,0,3
673,1,2.2,1,2,0,3,0.4,2,9,2719,9,1,1,1,2
563,0,2.0,1,3,0,47,0.3,7,12,3012,15,1,0,0,2
1590,0,1.5,1,12,1,14,0.5,4,15,2836,4,1,0,0,3
1031,1,2.1,1,2,1,11,0.1,2,9,2385,16,1,0,0,2
909,1,0.5,1,9,0,30,0.4,3,10,594,4,1,1,1,0
1880,0,0.5,0,0,1,7,0.6,4,1,2968,3,1,1,0,3
1479,1,1.8,1,0,1,24,0.1,6,0,3762,5,1,0,0,3
1271,0,1.5,1,0,0,2,0.9,1,1,892,20,0,1,0,1
709,0,1.9,0,11,1,13,0.1,8,15,467,5,1,1,1,0
1744,0,2.8,0,0,1,62,0.7,1,0,345,14,1,0,0,0
1314,1,2.2,0,0,1,40,0.8,7,1,3033,17,1,1,1,3
1136,0,0.5,0,0,1,9,0.9,6,2,2110,16,1,0,1,2
1039,1,2.7,0,11,0,56,0.3,8,13,3105,5,0,1,1,2
1300,1,0.5,0,5,0,62,0.1,6,7,874,10,1,1,0,0
732,1,2.3,1,7,1,39,0.6,7,11,3681,15,1,1,1,3
511,0,0.7,1,1,1,52,0.7,2,10,3865,7,1,0,1,2
1092,1,0.5,1,10,0,11,0.5,3,14,737,11,0,1,0,0
921,1,2.2,1,12,1,10,0.1,7,18,3153,11,1,1,0,3
1030,1,0.5,0,4,1,37,0.7,1,8,2800,12,1,0,1,2
1130,0,1.8,1,0,0,27,0.9,1,8,315,11,1,1,0,0
1299,0,2.8,1,2,0,60,0.8,8,6,1412,20,0,1,1,1
1009,1,2.8,1,7,1,2,0.6,7,15,2286,13,1,0,0,2
1735,0,1.8,1,16,0,34,0.1,2,17,2392,19,1,0,1,2
1129,1,2.8,1,0,0,49,0.5,2,2,1857,5,1,1,1,1
708,0,1.9,0,0,0,26,0.3,7,1,1419,16,1,1,1,0
894,0,0.7,0,2,1,58,0.1,2,3,3305,2,1,0,0,2
530,0,2.4,0,1,0,32,0.3,6,20,959,6,0,1,0,0
1481,1,2.0,1,0,0,35,0.5,3,0,2635,4,1,0,1,2
1068,0,2.7,1,0,1,45,0.6,5,1,1754,9,1,0,1,1
1487,0,0.5,0,6,1,57,0.7,3,12,2563,14,1,0,0,2
1524,0,2.5,1,11,1,41,1.0,4,20,1936,9,1,1,1,1
1093,0,1.9,1,2,1,22,0.3,8,14,1869,4,1,1,1,1
1816,1,1.6,1,0,0,50,0.1,5,2,3637,16,0,0,1,3
627,0,1.8,0,2,0,20,0.8,3,8,896,14,0,0,0,0
989,1,0.7,0,13,1,51,0.4,3,15,2349,20,1,0,1,1
1895,0,0.5,0,2,1,5,0.7,1,11,774,6,1,1,0,1
805,1,1.7,1,0,1,58,0.9,3,10,3397,2,1,0,0,2
713,1,1.6,0,7,1,2,0.4,8,9,485,4,1,1,1,0
864,0,2.5,0,10,1,24,0.7,4,15,3964,12,1,1,0,3
1177,0,0.9,0,1,0,11,1.0,4,7,1887,11,1,1,1,1
582,0,0.5,0,8,0,32,0.7,3,11,2977,20,0,1,1,2
1898,0,1.8,1,3,1,56,0.2,7,4,2114,19,1,1,1,2
1158,0,0.7,1,1,1,29,0.7,2,20,1542,15,1,0,1,1
1451,1,0.5,0,5,1,57,0.6,8,12,3038,18,1,0,1,3
1820,1,1.4,0,5,0,51,0.9,7,10,2481,11,0,0,0,2
984,0,0.5,1,3,1,9,0.8,3,20,841,16,1,0,0,0
580,1,2.1,1,0,0,24,0.4,4,5,3565,8,1,0,1,2
1263,1,2.0,0,0,0,5,0.4,6,3,1958,4,1,1,1,2
1237,0,0.5,0,2,0,27,0.1,8,5,2454,8,1,1,1,2
514,1,1.6,0,7,1,37,0.1,1,9,3392,5,1,1,1,3
1515,0,2.6,0,0,1,56,0.9,3,1,262,20,1,1,0,0
721,0,0.5,1,6,1,6,0.4,4,9,530,8,1,0,1,0
603,1,2.5,1,3,0,35,0.7,3,16,3703,9,0,0,1,3
1426,1,2.5,0,2,1,55,0.4,1,7,2562,3,1,0,0,2
1820,1,1.7,1,0,1,64,0.6,1,3,574,18,1,1,0,1
1215,0,1.0,0,4,0,16,0.1,4,8,2632,15,0,0,1,2
697,0,2.7,1,5,1,20,0.4,2,6,259,4,1,1,1,0
717,1,0.5,1,4,0,10,0.6,1,5,688,15,0,1,0,0
1348,1,2.0,1,5,0,36,0.3,6,6,2554,12,0,1,0,2
1164,1,2.6,1,0,0,61,0.3,1,6,3859,17,0,1,0,3
578,1,0.5,0,9,1,62,0.3,5,13,2977,5,1,1,1,2
1971,1,0.5,1,0,0,40,0.3,7,19,571,17,1,1,0,0
1794,1,0.5,1,5,1,55,0.5,7,7,402,14,1,0,1,0
1558,1,2.5,0,2,1,32,0.1,5,3,878,17,1,1,1,0
1597,1,0.9,0,4,1,4,0.5,1,19,2130,15,1,1,0,2
1240,0,1.6,0,0,0,39,0.1,2,9,3260,17,0,0,1,3
1994,1,0.8,1,2,1,7,0.6,8,4,454,6,1,1,0,0
1221,0,2.3,0,7,1,35,0.4,7,19,2638,14,1,1,1,2
989,1,1.6,1,11,1,24,0.6,8,17,2819,5,1,0,1,2
1180,1,1.2,0,5,1,50,1.0,4,20,1464,20,1,1,1,1
718,0,2.8,0,10,0,59,0.8,6,13,1824,3,1,1,0,1
1670,1,1.6,1,0,0,47,0.8,8,15,876,5,1,1,0,1
534,1,2.5,0,1,1,21,0.3,7,9,2706,18,1,1,0,2
1566,1,0.5,1,0,0,20,0.5,2,0,659,13,1,1,1,1
1935,0,0.5,0,0,1,29,0.6,5,9,455,6,1,0,1,0
504,1,2.8,1,2,0,54,0.4,2,10,2378,2,1,0,0,2
913,0,1.7,1,1,1,41,0.3,1,14,2278,18,1,1,0,1
1317,0,1.8,1,2,0,43,0.5,5,3,3436,5,0,1,1,3
917,1,0.5,0,1,1,31,0.5,6,2,3424,13,1,1,0,3
712,0,2.5,1,1,0,49,0.6,6,3,401,10,1,0,1,0
1083,0,1.0,0,6,0,52,0.9,2,20,681,19,1,1,1,0
1039,0,0.6,0,5,1,6,0.1,6,8,3212,7,1,0,1,2
1747,0,0.5,0,4,0,13,0.7,6,12,3105,10,1,0,0,3
1449,1,0.5,1,0,0,52,0.6,6,0,2036,10,0,1,0,1
1872,1,0.5,1,14,0,49,0.2,7,18,3153,5,1,1,0,3
1796,0,1.6,1,5,0,7,0.1,4,6,1642,3,0,1,1,1
1097,0,1.4,0,0,0,60,0.8,1,17,509,12,1,0,0,0
1562,0,0.5,1,1,1,20,0.8,8,10,3465,6,1,1,0,3
1433,1,2.3,0,8,1,27,0.9,7,12,3900,2,1,0,1,3
740,0,1.8,0,1,0,12,0.2,1,11,1105,19,0,1,1,0
676,0,2.2,0,1,1,39,0.2,1,5,2064,6,1,0,0,1
503,1,1.8,1,1,1,13,0.7,1,4,3117,9,1,0,1,3
1020,0,1.5,0,13,1,7,0.7,3,18,1142,8,1,0,1,1
896,0,1.0,1,3,1,4,0.3,1,4,1060,4,1,1,1,1
1824,1,0.8,0,4,1,19,0.9,2,5,2381,5,1,0,0,2
1512,0,0.6,1,1,1,54,0.4,3,2,3366,11,1,0,1,3
1053,0,2.9,0,7,0,42,0.9,6,17,1339,14,0,0,1,0
1944,1,1.8,1,0,1,31,0.8,4,10,2560,8,1,0,0,3
1174,0,0.7,1,1,1,25,0.8,2,8,285,3,1,0,1,0
627,1,1.6,1,3,1,12,0.2,7,17,2476,10,1,0,0,1
1602,0,2.7,0,4,1,46,0.6,1,5,1862,2,1,0,1,1
1733,1,1.5,1,4,1,6,0.9,1,15,3488,10,1,1,1,3
586,0,1.4,1,10,1,8,0.5,8,14,3178,10,1,0,1,2
1528,0,2.4,0,2,0,37,0.2,8,3,733,14,1,1,0,0
875,0,0.7,0,2,0,23,0.1,7,7,756,6,0,0,0,0
1602,0,0.6,0,12,0,58,0.4,1,13,3622,17,0,1,1,3
1426,0,1.6,0,4,1,12,0.7,5,16,1277,5,1,0,0,1
1370,0,1.4,0,5,1,6,0.2,6,8,3703,11,1,1,0,3
609,1,0.5,0,4,1,10,0.1,6,6,1905,18,1,1,1,1
840,0,1.2,1,5,1,15,0.3,6,8,2636,6,1,1,0,2
991,0,2.0,0,2,1,12,0.3,5,6,2014,10,1,0,0,2
1724,1,1.8,0,0,1,9,0.8,2,1,3056,6,1,0,0,3
584,1,1.8,0,0,1,19,0.3,3,0,465,4,1,1,0,0
860,1,1.3,1,1,1,49,0.7,6,13,3869,20,1,1,1,3
1541,1,2.8,1,10,1,28,0.2,5,15,1108,7,1,0,1,1
615,1,0.5,1,7,0,58,0.5,5,8,1906,5,1,0,0,1
912,1,2.8,1,6,1,46,0.4,4,11,851,4,1,1,1,0
1278,1,1.2,0,10,1,60,0.6,7,14,3142,19,1,0,1,3
1365,0,0.6,0,0,1,31,0.3,4,0,1300,13,1,0,1,0
1702,0,1.0,0,7,0,36,0.1,5,9,1430,10,0,0,0,2
589,1,0.5,0,1,1,59,0.7,8,4,362,6,1,1,1,0
1347,0,1.5,1,10,0,56,0.3,1,19,2456,13,1,1,1,2
1644,0,2.8,0,0,1,44,1.0,8,0,2360,19,1,0,0,2
956,0,1.9,1,1,0,42,0.1,7,11,3700,7,1,1,0,3
1089,0,1.4,1,10,0,2,0.1,7,20,2620,13,1,0,0,2
871,0,0.6,0,2,0,52,0.1,3,3,437,17,1,0,0,0
664,0,1.5,0,5,1,6,0.9,2,19,3774,18,1,0,0,3
1874,1,0.6,0,1,0,19,0.8,2,9,1218,17,0,1,0,1
1928,0,2.6,0,5,0,5,0.8,5,16,696,15,1,1,1,0
888,0,2.6,1,2,1,33,0.4,2,17,3407,20,1,0,0,3
1077,1,1.7,1,1,0,58,0.8,7,13,3902,3,1,0,0,3
1023,1,2.3,1,5,1,30,0.2,8,7,2086,19,1,1,1,1
1426,1,0.8,0,2,1,42,0.6,3,10,1356,16,1,0,1,1
831,0,1.7,1,7,1,26,0.7,5,11,1704,20,1,1,1,0
1496,1,1.3,1,0,1,6,0.5,3,9,3571,11,1,1,1,3
1433,1,2.3,0,2,1,5,0.1,5,11,2132,19,1,0,1,1
1095,1,2.6,1,0,1,44,0.7,4,5,3209,8,1,1,1,3
643,1,0.7,1,3,1,23,0.8,1,9,2096,2,1,0,0,1
1142,1,1.1,0,0,1,6,0.5,4,0,1273,6,1,0,0,1
730,1,0.5,1,3,1,27,0.1,5,10,3623,15,1,1,0,2
1901,1,0.5,0,5,1,41,0.6,2,17,368,12,1,0,0,0
1510,0,0.6,1,1,0,32,0.7,3,8,854,10,1,0,1,1
1924,0,2.6,0,0,1,59,0.9,6,0,3646,16,1,0,1,3
1825,0,1.1,1,13,1,17,0.1,4,18,3130,2,1,0,1,3
1275,1,0.5,1,3,1,5,0.2,1,9,3784,4,1,1,0,3
987,1,2.3,0,9,0,17,0.8,7,17,3885,14,1,1,0,3
1538,1,2.3,0,6,1,13,0.2,7,7,1494,12,1,1,1,1
1965,1,0.5,0,4,1,29,0.5,5,13,2973,20,1,1,1,3
808,0,1.9,0,7,0,20,0.8,6,14,1471,11,0,1,0,0
712,0,0.5,0,6,0,27,0.5,2,11,2001,12,1,1,1,1
1507,1,0.9,1,0,1,42,0.4,5,0,1486,19,1,0,0,1
912,0,0.7,0,3,0,47,0.9,3,6,1321,6,0,1,1,0
769,1,1.2,0,2,0,17,0.1,8,4,1877,11,0,0,1,1
948,0,2.3,0,14,0,22,0.1,5,20,3499,19,1,1,1,3
507,1,1.9,1,0,1,39,0.7,1,0,2124,12,1,1,0,1
1384,1,2.8,1,15,0,60,0.1,3,18,1221,15,1,0,1,1
1766,1,1.3,0,1,0,29,0.5,8,20,2316,6,0,0,1,2
1407,0,1.8,1,5,1,16,0.2,4,6,1068,8,1,1,0,1
614,0,2.9,1,3,1,24,0.2,4,7,1930,4,1,0,1,1
1972,0,2.9,0,9,0,14,0.4,7,18,1316,8,1,1,0,1
1039,0,0.5,1,8,0,47,0.2,8,9,1742,15,1,0,0,1
511,1,3.0,1,5,1,34,0.9,8,13,3265,14,1,0,0,2
1811,1,2.5,0,4,1,5,0.6,4,16,2700,8,1,1,1,2
1159,0,1.5,0,3,0,36,0.4,4,8,2115,18,0,0,0,2
1848,0,1.3,1,7,0,12,0.1,2,19,3915,8,0,0,1,3
1988,1,0.5,0,0,1,16,0.1,8,1,3144,14,1,0,0,3
1469,0,0.5,0,3,1,58,0.5,7,8,1571,2,1,0,0,2
1423,0,0.6,0,12,0,44,0.8,5,13,2253,9,0,0,0,1
1974,0,0.5,1,9,0,10,0.8,6,12,1433,17,0,0,0,1
835,0,0.8,1,2,1,42,0.8,5,18,2583,13,1,1,1,2
1429,0,0.6,0,8,0,42,0.9,5,9,1817,16,1,0,0,1
947,1,0.5,0,1,1,51,0.1,2,15,2915,6,1,1,1,2
1446,1,2.8,1,0,1,18,0.3,8,1,3340,16,1,1,1,3
1332,0,1.3,1,5,1,7,0.8,7,19,2790,10,1,1,0,2
1498,1,1.2,1,0,1,14,0.1,4,1,577,12,1,1,0,0
1576,1,0.9,1,0,1,14,0.4,2,4,3220,6,1,1,0,3
1398,0,1.6,1,8,1,26,0.8,1,12,3488,11,1,1,0,3
1885,0,2.4,1,12,1,14,0.6,4,15,1277,16,1,0,1,1
798,1,0.5,1,7,0,2,0.8,2,15,3593,3,0,1,0,2
1436,0,2.5,1,0,1,42,0.9,8,1,2736,19,1,1,0,3
1998,1,1.2,0,8,0,31,0.6,8,19,2311,18,1,1,0,2
1321,1,1.3,0,0,1,63,0.4,8,9,1464,16,1,1,1,1
1021,0,1.3,0,7,0,9,0.7,2,12,1355,14,1,1,0,1
1339,1,2.3,1,0,0,40,0.1,2,1,2382,7,1,0,1,2
1210,1,1.6,1,9,0,57,0.5,4,20,1886,17,1,0,1,1
1949,1,0.5,1,2,1,31,0.1,5,9,832,19,1,0,0,1
882,0,0.7,1,9,1,28,0.2,6,16,751,8,1,0,1,0
1549,1,1.5,1,0,1,27,0.4,5,7,436,11,1,0,0,0
1991,0,2.2,1,1,1,42,0.7,1,13,722,10,1,1,0,0
796,0,0.5,0,2,0,12,0.5,1,8,1075,2,0,1,0,0
1012,0,0.5,1,4,0,39,0.1,4,6,2802,10,1,1,0,2
1318,0,1.9,1,0,1,11,0.8,2,15,1780,2,1,0,0,1
1708,0,0.8,0,8,1,14,0.9,4,16,1247,16,1,0,0,1
598,1,0.8,1,8,1,62,0.1,8,9,3066,19,1,1,0,2
541,1,2.3,0,4,0,51,0.4,8,17,403,12,0,0,0,0
818,0,0.5,1,2,1,23,0.2,5,17,2518,3,1,1,0,2
1414,0,0.5,0,0,1,15,0.8,2,0,1069,14,1,0,0,0
601,1,1.7,1,3,1,6,0.8,4,11,2651,9,1,0,1,2
561,1,2.8,1,2,1,40,0.1,7,6,2974,19,1,0,1,2
1616,1,2.3,1,3,0,52,0.1,5,8,657,2,1,1,0,0
1263,1,1.4,1,1,1,32,0.4,2,2,3372,10,1,1,0,3
1604,1,1.9,1,0,1,63,0.6,5,2,1464,20,1,1,0,1
539,0,2.0,1,1,0,24,0.5,4,2,1326,3,1,1,0,0
1071,0,2.6,0,0,0,49,0.3,4,5,3393,7,1,0,0,3
826,0,0.5,1,0,1,57,0.5,2,0,323,7,1,0,1,0
771,0,2.9,0,2,0,62,0.7,1,8,1628,6,0,1,0,1
1811,0,2.9,0,0,0,33,0.2,8,2,2610,13,1,1,0,3
1842,1,2.2,1,7,0,56,0.4,4,10,3721,4,0,1,1,3
1420,0,2.8,1,1,0,50,0.1,8,8,763,17,0,1,1,0
1763,0,0.5,1,12,0,10,0.2,3,19,792,13,1,0,1,0
1163,1,1.9,0,6,0,2,0.9,5,20,1568,19,1,0,0,1
1805,1,0.5,0,0,0,29,0.2,4,2,1276,17,0,1,0,1
610,1,1.6,1,9,0,52,0.4,4,19,3472,12,1,1,1,3
1533,1,1.1,1,18,1,17,0.3,4,20,2520,11,1,0,1,2
1924,0,0.5,0,3,1,63,0.3,2,10,3423,19,1,0,0,3
1801,0,0.5,1,6,0,52,0.9,6,10,258,9,1,0,0,0
1726,1,1.9,0,1,1,42,0.6,5,3,1868,6,1,0,0,2
794,0,2.5,1,15,0,14,0.6,3,19,2171,18,0,0,1,1
1686,1,0.5,1,4,0,28,0.8,5,8,780,5,0,0,0,0
1444,1,2.1,1,0,0,6,0.9,1,1,712,10,0,0,0,0
1004,0,1.6,1,0,1,30,1.0,8,1,1012,13,1,1,1,0
1242,1,2.4,0,8,0,28,0.2,4,9,318,19,1,0,0,0
539,0,1.5,0,6,1,26,0.2,6,8,3948,15,1,1,1,3
717,0,1.1,1,2,1,14,0.1,8,6,629,20,1,0,0,0
1540,0,0.7,1,0,1,29,0.1,7,1,1161,5,1,0,0,0
672,0,0.5,0,7,1,35,0.1,8,17,1403,6,1,0,0,0
1325,1,0.5,0,0,1,13,1.0,4,8,3707,18,1,1,0,3
950,0,0.5,0,6,1,55,0.1,8,7,1305,4,1,0,1,0
948,0,1.5,1,6,0,18,0.3,4,7,2926,9,1,1,1,2
1328,1,0.5,0,5,1,27,0.3,3,18,2674,5,1,0,1,2
1447,0,0.5,0,3,0,40,0.7,2,5,471,20,0,0,1,0
1973,1,0.5,1,3,0,21,0.8,8,7,1724,8,0,0,1,1
1731,1,2.3,1,18,0,60,0.5,4,20,1220,20,0,1,0,1
1617,0,1.5,0,1,1,63,0.7,2,10,2754,8,1,1,1,2
1791,1,0.5,1,1,1,33,0.5,5,4,594,16,1,0,1,0
851,0,2.3,1,7,1,54,1.0,2,9,1005,14,1,0,1,0
856,0,1.9,1,0,1,14,0.6,1,7,2439,12,1,1,1,1
714,1,0.5,0,1,0,30,0.3,4,2,2302,10,0,1,1,1
951,0,0.5,0,6,1,15,0.6,2,17,1083,16,1,1,0,0
1303,1,2.1,0,6,1,10,0.4,8,15,2219,15,1,1,1,2
1550,1,2.7,0,2,0,32,0.1,7,5,1571,14,0,0,0,2
1759,1,1.4,0,10,1,15,0.4,4,13,2107,16,1,1,0,2
1448,0,0.5,1,18,0,2,0.2,5,19,593,18,1,1,1,0
1987,1,1.9,0,0,0,50,0.7,8,18,857,6,1,1,0,1
908,0,2.1,0,1,0,44,0.6,5,2,3518,7,1,1,1,3
820,0,0.5,1,2,0,58,0.3,4,4,1284,17,0,0,1,0
904,0,2.7,1,4,0,19,0.6,6,7,545,16,0,0,0,0
667,0,1.3,1,4,1,6,0.1,6,10,3566,12,1,0,1,2
1109,0,2.1,0,1,0,34,0.1,1,4,2821,17,1,0,1,2
1333,0,1.4,0,3,1,59,0.7,7,5,3442,5,1,1,0,3
1352,0,2.4,0,5,1,6,0.9,6,9,1309,14,1,0,0,1
1600,0,2.5,1,1,0,19,0.6,6,9,1179,18,0,0,1,1
1454,0,1.4,1,8,0,37,0.8,8,20,1713,19,0,0,0,1
1489,0,2.1,1,0,0,9,0.4,3,1,1663,14,1,0,1,1
1823,0,2.8,1,11,0,10,0.6,8,19,1812,19,1,1,1,2
1581,1,1.0,0,9,0,41,0.4,4,19,1384,2,0,1,1,1
1672,1,1.7,1,1,1,44,0.5,8,4,1348,7,1,1,1,1
1283,1,0.7,1,0,1,27,0.2,4,6,3957,6,1,0,0,3
630,0,2.0,0,9,1,14,0.5,8,13,1212,12,1,0,0,0
659,0,2.2,0,0,1,24,0.7,8,2,3925,10,1,1,1,3
1811,1,0.5,1,0,0,32,1.0,6,0,348,18,1,0,1,0
688,1,2.5,0,9,0,40,0.2,5,20,1382,8,0,1,0,1
514,1,2.9,1,5,0,18,0.7,2,8,980,16,0,0,1,0
1933,0,2.8,1,1,0,16,0.5,3,9,838,18,0,1,0,0
915,0,2.0,0,8,1,31,0.3,3,20,378,9,1,1,0,0
1006,0,2.2,1,4,1,22,0.8,4,8,909,7,1,0,1,0
1134,1,0.9,0,2,1,13,0.4,4,19,3632,19,1,1,0,3
599,1,2.9,0,0,1,64,0.3,8,1,3396,7,1,0,0,2
973,0,0.5,1,5,0,53,0.5,5,7,1861,16,0,1,0,1
1180,1,2.5,0,0,1,27,0.1,6,1,348,19,1,1,1,0
1237,1,2.5,0,7,0,13,0.8,4,12,2528,16,0,0,0,2
659,0,0.5,1,7,1,5,0.3,8,10,2190,16,1,1,0,1
1142,1,1.4,1,6,0,6,0.7,8,8,663,5,0,1,1,0
1002,0,2.7,1,16,1,11,0.4,6,18,961,19,1,0,1,0
1392,0,2.5,0,0,1,44,0.7,4,2,1280,16,1,0,1,1
602,0,0.9,0,9,0,50,0.9,8,18,2189,16,0,1,0,2
1249,1,0.5,0,3,1,55,0.8,3,8,531,13,1,1,1,0
531,1,0.5,1,0,1,12,0.5,4,3,2331,20,1,0,1,1
1450,0,2.1,0,1,0,31,0.6,5,4,794,9,0,1,1,1
1342,0,2.8,0,1,0,50,0.1,1,8,2644,11,0,1,1,2
832,1,0.5,0,5,1,22,0.6,1,8,1666,20,1,1,1,1
867,1,1.5,0,0,1,57,0.1,4,0,2157,18,1,0,0,1
1404,0,2.1,0,16,0,44,0.9,1,20,1196,5,0,0,1,1
840,0,0.9,1,6,0,33,0.7,6,7,2072,19,0,1,0,2
1368,0,0.5,0,10,1,42,0.2,1,20,1590,14,1,0,0,1
1927,0,0.9,1,3,0,11,0.4,8,12,2916,18,0,1,1,3
1714,0,0.5,1,7,0,31,0.4,2,10,3707,19,0,0,1,3
1201,1,0.5,0,1,1,10,0.4,6,5,726,3,1,1,0,0
1796,1,2.3,0,4,0,44,0.9,2,11,3577,4,1,1,0,3
1147,0,0.8,1,11,0,28,0.7,6,13,2627,15,1,0,1,2
776,1,1.7,0,0,1,20,1.0,4,9,685,7,1,1,1,0
510,0,2.6,0,0,0,33,0.1,6,10,1693,5,0,1,0,1
1045,1,1.2,1,3,1,40,0.1,6,7,2137,12,1,0,1,2
1497,1,0.9,1,4,1,10,0.1,8,20,3696,3,1,0,1,3
1425,1,0.6,0,0,1,33,0.5,3,2,3771,9,1,0,1,3
726,0,2.2,0,0,1,40,0.8,4,20,1342,4,1,1,1,0
1576,1,2.0,0,0,1,20,0.6,3,0,1379,16,1,0,1,1
714,1,2.1,1,5,1,11,0.1,3,6,1164,19,1,1,0,1
1595,0,1.9,1,1,0,63,0.9,1,20,908,6,0,0,1,1
541,0,1.0,0,0,1,10,0.4,4,0,1019,15,1,1,0,1
1617,1,2.6,0,14,0,29,0.9,6,20,3685,18,0,0,0,3
1154,0,1.1,1,2,1,5,0.2,1,13,1470,12,1,0,0,1
1638,0,1.0,0,6,0,2,0.2,1,11,2299,9,1,1,1,2
1150,1,2.7,0,0,0,39,0.4,8,1,999,11,1,1,0,0
1254,1,2.3,0,0,1,44,0.2,1,10,3011,12,1,1,0,2
1806,1,2.0,1,2,1,54,0.1,1,11,3142,6,1,0,1,3
603,0,1.5,0,8,0,12,0.7,6,20,1543,19,1,1,0,1
1834,0,2.1,0,7,1,40,0.1,4,11,3692,16,1,1,0,3
520,0,2.3,0,0,1,31,0.8,6,14,2753,17,1,0,1,1
565,0,0.6,1,1,0,50,0.1,2,8,2156,6,1,1,1,1
1689,1,0.5,0,11,0,9,0.5,5,15,2637,3,1,0,0,2
742,1,2.3,0,0,0,21,0.7,8,1,331,7,1,0,0,0
1143,0,1.2,1,1,1,22,1.0,3,6,1214,16,1,1,0,1
761,1,0.5,0,9,0,3,0.8,7,15,2248,15,1,1,1,2
959,1,1.3,1,0,0,36,0.4,5,14,3073,8,1,1,1,3
772,1,1.2,1,7,1,8,0.6,7,8,422,15,1,0,0,0
1015,1,0.8,0,5,0,12,0.5,3,14,2293,2,0,1,0,1
1824,1,1.9,1,9,1,2,0.7,1,14,3958,19,1,1,0,3
1130,1,0.5,1,1,1,29,0.7,1,14,432,10,1,1,1,0
1183,1,0.5,1,3,1,48,0.1,8,12,1152,3,1,0,0,0
574,1,2.0,1,0,1,26,0.5,6,2,1303,2,1,0,1,0
1472,0,3.0,0,4,1,20,0.3,2,6,797,11,1,1,0,0
1868,1,0.5,0,2,1,40,0.9,8,17,298,17,1,1,0,0
1375,0,2.9,0,2,0,20,0.4,6,7,3847,12,1,0,1,3
881,0,1.0,0,1,0,64,0.5,3,6,2110,6,1,1,1,1
1742,1,0.5,1,5,1,43,0.9,3,7,1921,3,1,1,0,2
1225,0,0.7,1,6,0,60,0.1,2,15,2423,6,1,0,0,2
1970,1,0.5,1,0,1,15,1.0,2,0,1658,20,1,1,1,2
1186,1,0.5,1,2,0,21,0.4,8,4,2361,7,1,0,0,1
1762,0,0.7,0,7,0,60,0.1,4,10,1380,14,1,0,0,1
1731,1,1.4,1,4,1,4,0.5,6,18,3892,4,1,1,1,3
852,0,1.8,1,5,1,8,0.8,5,9,315,20,1,0,0,0
848,1,1.5,1,4,1,36,0.3,4,16,2289,19,1,1,1,1
1575,0,2.5,1,0,1,11,0.2,7,20,2182,17,1,1,0,2
1554,0,2.8,1,7,0,23,0.1,6,18,2184,20,1,0,1,2
1972,1,1.6,0,0,0,48,0.5,8,2,2872,11,1,0,1,3
827,1,0.6,1,9,1,35,0.2,6,17,2367,15,1,0,1,1
1063,0,1.5,0,7,0,3,0.9,4,10,1919,20,1,1,0,1
1695,0,2.3,1,1,0,34,0.4,5,10,3296,14,0,0,0,3
1343,0,2.4,1,5,1,14,0.9,8,10,462,11,1,1,1,0
834,0,0.5,0,2,1,27,0.2,1,16,1591,20,1,1,0,1
595,0,2.6,0,0,1,20,0.4,2,18,1593,2,1,0,1,0
1081,1,1.9,1,13,1,42,0.1,7,17,2456,7,1,0,0,1
911,0,1.4,1,3,0,14,0.7,4,4,2933,11,0,1,0,3
844,0,2.2,1,1,1,22,0.9,7,2,3154,7,1,0,0,3
1335,1,3.0,0,3,0,60,0.8,2,4,3615,9,1,0,0,3
1883,0,1.6,0,9,0,24,0.1,1,16,3563,3,0,0,0,3
1128,1,0.5,1,6,0,33,0.6,8,7,1440,19,1,0,0,1
826,1,2.4,1,14,1,57,0.6,2,17,1907,5,1,0,0,1
1650,0,2.3,0,0,1,38,0.7,1,1,324,2,1,1,1,0
1162,0,1.0,0,0,0,50,0.5,4,10,1404,15,1,1,1,1
1517,0,2.5,0,2,1,8,0.8,4,18,2738,12,1,0,0,2
963,0,0.5,0,1,1,60,0.8,3,3,2722,16,1,0,0,2
1837,0,1.0,1,5,1,12,0.9,8,6,2294,20,1,0,1,3
1028,1,2.8,0,1,1,30,0.1,1,10,1424,13,1,0,1,1
1831,1,2.2,1,4,0,55,1.0,8,9,1133,10,0,1,0,1
571,1,2.0,1,5,1,58,0.6,6,11,555,11,1,0,1,0
1770,1,2.3,0,0,0,9,0.6,6,5,3785,14,1,0,1,3
970,1,1.3,1,5,0,59,0.2,7,19,3675,12,0,0,0,3
642,1,0.5,0,0,1,38,0.8,5,10,435,2,1,1,0,0
622,1,1.9,1,12,0,11,0.8,8,14,3183,4,1,1,1,2
600,1,1.8,0,9,1,6,0.8,2,15,3495,7,1,1,0,2
1412,0,0.6,0,9,0,57,0.2,3,10,1853,18,0,0,1,1
733,0,0.8,0,7,0,16,0.4,4,12,2648,19,1,1,0,2
1070,1,3.0,0,9,0,19,0.8,7,16,2647,20,0,1,0,2
875,1,0.7,1,1,0,30,0.7,8,8,702,15,1,1,1,0
1994,1,0.7,0,5,0,5,0.4,2,7,1836,18,1,0,0,2
823,0,1.0,1,9,1,18,0.2,5,16,3894,9,1,1,0,3
1908,0,0.5,0,9,1,30,1.0,2,19,2944,17,1,0,1,3
790,0,0.5,1,7,1,44,0.1,8,8,3424,9,1,1,0,3
1330,1,1.8,1,1,0,40,0.5,1,5,2678,14,1,1,1,2
1660,0,0.5,0,2,1,15,0.7,8,8,2424,9,1,1,0,2
1776,0,2.2,0,2,0,20,0.9,6,16,2671,12,0,1,1,3
1611,0,0.5,1,4,1,27,0.9,1,10,3078,6,1,0,1,2
1410,1,0.5,1,0,1,15,0.3,3,1,2304,18,1,1,0,2
1772,1,1.6,0,17,1,45,0.5,2,18,1146,17,1,1,0,1
1280,1,1.3,0,0,1,39,1.0,7,1,2335,2,1,0,1,1
1712,1,0.9,1,2,0,23,1.0,7,19,1422,15,1,1,0,1
1562,1,0.7,0,0,0,55,0.1,8,1,2096,3,0,0,0,2
891,0,1.9,1,1,1,18,0.1,6,3,1303,4,1,1,1,0
1957,0,1.2,1,18,1,36,0.8,2,19,1115,18,1,0,1,1
1110,0,0.6,0,1,0,42,0.9,5,2,456,18,1,1,0,0
875,1,1.4,1,1,1,43,0.6,8,3,3396,18,1,0,0,3
1211,1,1.2,0,0,0,28,0.3,2,3,2750,14,0,1,0,2
769,0,0.5,1,12,1,54,0.2,4,19,941,20,1,0,1,0
671,0,2.9,0,7,1,2,0.1,6,19,2278,2,1,0,0,2
1872,0,0.5,0,5,1,26,0.5,4,10,2273,8,1,0,1,2
1076,0,2.3,1,0,1,14,0.7,5,0,2355,2,1,1,1,2
1325,0,1.9,0,2,0,50,0.1,1,10,2328,2,1,0,0,2
911,1,2.2,1,1,1,28,0.5,2,2,2638,13,1,1,1,1
1273,1,0.7,0,1,0,23,0.6,6,14,558,13,1,0,0,0
1062,0,0.5,0,3,1,39,0.9,4,4,1345,11,1,0,1,0
1317,0,1.5,0,6,0,12,0.1,2,9,425,11,1,1,1,0
940,0,2.9,0,0,0,16,0.7,4,1,2192,9,1,1,1,1
729,1,2.0,0,0,0,14,0.6,6,2,3397,17,1,0,1,2
1494,0,2.4,0,6,1,3,0.9,7,17,1208,17,1,1,0,1
1546,1,1.6,1,2,1,27,0.7,2,6,267,16,1,1,0,0
1253,0,0.7,0,0,1,34,0.9,4,10,3518,8,1,1,1,3
895,0,0.5,1,6,0,16,0.3,8,14,3122,4,0,0,1,2
793,1,1.9,1,0,1,43,0.3,8,2,1050,3,1,1,1,0
1628,1,1.8,1,11,0,56,0.1,2,13,3358,12,1,1,1,3
625,0,2.7,1,2,0,42,0.8,8,3,2929,17,1,0,0,2
1110,0,1.5,0,2,1,12,0.3,8,5,624,15,1,0,0,0
999,0,1.7,0,6,0,49,0.6,1,17,1598,8,0,1,0,1
1856,0,0.5,1,0,1,24,0.1,5,1,2052,10,1,1,0,2
1715,0,2.6,1,9,1,15,0.6,6,20,1249,4,1,1,0,1
1897,1,1.9,0,2,1,54,0.3,2,7,412,2,1,0,0,0
1202,1,2.4,1,0,0,19,0.1,2,1,595,3,0,0,0,0
1171,1,1.7,1,2,0,19,0.3,7,19,263,8,0,0,0,0
964,0,2.0,0,0,1,22,0.7,8,0,2577,5,1,1,0,2
1973,1,2.4,1,6,0,46,0.1,4,10,639,3,0,0,1,0
1992,1,0.6,1,11,0,2,0.1,1,14,3206,10,1,1,0,3
546,1,2.6,1,5,0,26,1.0,5,15,1550,3,0,1,0,1
1093,0,0.5,0,1,1,31,0.6,2,12,1646,6,1,1,0,1
1880,1,2.0,0,11,0,35,0.1,4,14,1930,15,0,1,0,2
1765,0,1.1,0,3,0,11,0.7,2,7,3695,18,1,0,0,3
1640,0,0.5,1,1,1,36,0.9,8,11,3235,10,1,0,1,3
1830,0,0.5,0,0,0,7,0.9,6,12,2334,14,0,1,0,2
826,0,0.6,0,3,0,62,0.7,4,19,1998,17,0,0,0,1
1864,0,2.2,0,0,1,7,0.1,1,2,2258,10,1,0,0,2
586,1,0.6,0,16,1,42,0.3,7,17,1869,7,1,1,1,1
1206,0,3.0,1,10,1,30,0.6,3,13,1825,4,1,0,1,2
832,1,0.5,1,1,1,5,0.1,5,2,3946,14,1,1,1,3
848,1,2.8,0,1,0,8,0.1,7,3,436,15,1,1,1,0
1851,0,2.9,0,0,0,53,0.7,6,2,2678,8,1,0,0,2
1166,1,0.5,0,7,0,59,0.5,1,11,3887,7,1,0,1,3
1776,1,2.1,1,10,0,35,0.1,4,16,1813,20,1,1,1,1
1254,1,1.2,0,2,1,27,0.2,2,10,817,16,1,1,1,0
1494,0,1.6,1,4,1,24,0.2,1,17,3614,9,1,0,0,3
984,1,2.2,1,0,1,39,0.5,8,18,2013,16,1,1,0,1
1179,1,0.8,0,1,0,5,0.9,5,17,543,18,0,0,1,0
513,0,1.9,0,8,0,27,0.4,8,13,3400,13,0,1,1,2
557,0,0.5,1,3,0,17,0.2,6,4,2623,16,0,0,0,1
744,0,1.7,1,0,1,33,0.5,4,2,2700,19,1,0,0,2
1129,1,0.8,1,9,1,21,0.6,2,10,1400,13,1,1,0,1
1148,0,2.3,1,0,1,58,0.3,5,20,3127,11,1,0,0,2
1793,0,2.7,0,12,1,44,0.7,5,17,2803,6,1,1,1,3
1310,0,2.3,1,3,0,15,0.2,5,11,2518,5,0,1,1,2
1604,0,1.2,0,1,0,6,0.5,6,15,3564,2,1,1,0,3
1676,0,1.6,0,2,0,37,0.2,1,3,2515,4,1,0,1,2
1001,0,2.8,1,1,0,40,0.2,3,7,3654,10,1,1,1,3
1086,0,2.7,0,0,1,24,0.1,8,19,3930,18,1,1,1,3
1986,1,0.5,1,7,1,39,0.1,7,19,3476,17,1,1,0,3
634,1,0.8,0,5,0,41,0.2,1,12,3242,4,1,0,1,3
502,0,0.8,0,7,0,52,1.0,6,8,2666,20,1,1,0,2
1641,0,1.1,0,6,0,48,0.7,8,7,1695,17,1,0,1,2
623,0,1.4,1,0,1,15,0.2,3,1,3510,18,1,0,1,2
962,1,1.1,1,3,0,17,0.1,8,20,3438,20,0,0,0,3
1057,1,2.7,0,3,1,41,0.1,4,10,2033,2,1,1,0,1
1862,0,1.5,0,1,0,62,1.0,1,2,1017,9,1,0,0,1
555,1,3.0,1,5,1,38,0.8,2,10,1686,8,1,0,1,1
1000,0,2.7,0,1,1,58,1.0,5,12,862,20,1,0,0,0
841,0,0.5,0,6,1,11,0.3,5,14,957,11,1,1,0,0
865,0,2.9,0,5,0,16,0.1,4,12,3494,14,0,0,1,3
999,0,2.6,1,11,1,56,1.0,4,13,3083,11,1,1,1,2
1232,0,1.2,0,12,0,30,0.9,6,14,1656,15,1,1,1,1
1194,0,2.3,0,6,1,34,0.2,2,12,313,19,1,1,0,0
612,1,0.5,1,1,1,20,0.8,8,6,3282,18,1,1,1,3
1362,1,2.9,0,0,0,47,0.5,6,4,3629,5,0,1,1,3
1469,0,1.7,1,11,1,44,0.5,2,14,1687,5,1,1,1,1
986,1,0.8,0,13,1,28,0.8,4,20,1149,18,1,1,0,0
1843,0,2.8,0,1,1,62,0.8,3,7,3899,6,1,0,1,3
1561,0,0.5,1,10,1,4,0.5,2,13,1783,10,1,1,0,2
1695,1,0.5,1,2,1,47,0.5,5,13,1629,11,1,1,0,1
667,0,2.6,1,3,0,8,0.8,1,7,2528,8,0,1,0,2
1768,1,2.0,0,0,1,2,0.8,7,2,3256,5,1,1,0,3
1269,1,2.8,1,16,0,41,1.0,8,17,2341,16,0,0,1,2
1109,1,2.8,1,6,0,57,0.9,1,12,2785,16,1,0,0,2
936,0,0.5,1,14,1,14,0.1,3,17,3761,12,1,0,0,3
1713,1,2.0,0,9,1,5,0.7,6,16,1513,2,1,0,1,1
1175,1,1.7,1,1,1,45,0.6,2,7,2240,5,1,1,0,1
1940,1,1.0,1,0,1,5,0.2,4,1,820,3,1,1,1,1
855,1,0.5,0,2,1,59,0.5,2,3,1875,8,1,1,1,1
771,1,0.5,1,0,1,33,0.1,3,17,920,10,1,1,1,0
645,0,2.5,0,10,1,63,1.0,4,14,3615,13,1,0,1,2
1307,0,1.8,0,2,0,7,0.6,7,3,1412,5,0,0,1,1
1948,0,2.9,1,4,0,5,0.2,1,13,361,10,0,1,0,0
1509,0,0.6,1,5,0,50,0.3,4,8,1540,3,1,1,0,1
626,1,2.8,1,3,1,11,0.8,2,9,1077,4,1,0,1,0
1190,0,2.0,1,0,0,40,0.2,5,1,3610,9,0,0,1,3
1727,1,2.1,1,10,0,57,0.3,6,18,512,6,0,0,0,0
1670,1,3.0,0,14,0,62,0.5,8,20,3024,20,0,0,1,3
1150,1,0.5,1,4,1,27,1.0,1,17,1610,16,1,0,0,1
1208,0,2.9,0,5,1,16,1.0,1,19,2201,12,1,0,0,1
1812,1,1.3,1,4,1,42,1.0,7,15,3338,11,1,1,1,3
770,1,1.5,1,6,0,61,0.2,4,9,3473,4,0,0,1,3
1559,1,1.3,1,10,1,10,0.3,8,17,2203,15,1,1,1,1
1902,0,0.5,0,10,0,13,0.2,4,11,940,15,1,1,0,1
1751,0,2.5,0,1,0,4,0.6,8,9,1155,12,0,1,1,1
1416,1,1.8,1,0,0,20,0.1,4,0,3872,7,0,0,1,3
1288,0,0.5,1,3,1,61,0.2,6,6,1882,10,1,0,1,2
1003,1,2.9,0,16,1,16,0.6,8,19,1798,10,1,0,0,1
1715,1,0.5,1,1,1,18,0.1,6,3,2598,3,1,0,0,3
1967,0,0.5,0,0,1,46,0.6,1,7,1567,7,1,1,0,1
962,0,1.0,1,14,0,2,0.9,1,20,1491,14,1,0,0,1
1487,0,1.5,0,5,1,42,0.8,2,7,2003,3,1,0,0,2
1569,1,1.6,1,4,1,54,0.9,4,6,3905,4,1,0,0,3
1146,0,3.0,0,5,1,57,0.4,5,10,291,11,1,1,1,0
1379,1,1.5,0,6,1,9,0.8,8,13,1693,18,1,0,1,1
1504,0,1.9,1,7,1,25,0.3,4,9,1788,13,1,0,1,1
1945,0,1.2,0,3,0,26,0.7,6,5,3322,20,0,0,1,3
1630,1,2.8,1,0,1,32,0.9,6,1,1751,20,1,0,1,2
1125,1,2.7,0,10,0,23,0.4,1,14,1641,12,1,1,0,1
614,1,0.7,0,4,1,51,0.1,7,7,2854,12,1,0,1,2
854,0,1.0,0,5,1,17,0.9,4,9,3115,2,1,0,0,2
1470,1,1.7,1,6,0,45,0.1,1,9,3259,14,1,0,1,3
1826,1,0.5,1,5,1,49,0.6,8,6,1612,17,1,1,0,2
807,1,0.5,1,0,0,37,0.2,4,0,2319,4,0,0,0,1
1996,1,2.8,1,0,1,7,0.1,5,4,1258,16,1,0,0,1
1083,1,2.0,0,3,0,41,0.7,5,5,1543,10,0,0,1,1
1035,0,0.5,1,14,1,49,0.3,2,15,3991,19,1,0,0,3
1521,1,1.6,0,5,1,62,0.3,1,9,3555,19,1,0,0,3
1314,1,2.8,1,13,1,5,1.0,4,18,3411,18,1,0,0,3
535,0,1.9,0,5,0,24,0.2,8,19,524,4,0,0,0,0
673,1,1.9,0,13,1,35,0.4,6,14,3541,4,1,0,1,3
1219,0,1.6,1,5,0,4,0.3,6,7,1998,4,0,0,0,2
1606,1,0.5,1,0,1,33,0.9,5,0,3437,2,1,0,0,3
1603,1,0.5,1,1,1,17,0.5,2,8,1637,11,1,0,1,1
1958,0,0.5,0,6,1,52,0.4,1,14,3064,3,1,0,0,3
695,0,0.5,0,18,1,12,0.6,2,19,2855,7,1,1,1,2
1441,0,0.6,1,0,1,53,0.5,1,12,1393,4,1,1,1,1
1470,0,2.2,1,4,1,33,0.4,7,10,1633,4,1,0,0,2
1890,0,1.1,0,4,1,48,0.5,4,5,2392,15,1,0,1,3
1152,1,2.1,1,0,1,26,0.3,2,0,3284,8,1,0,1,3
1619,1,0.9,0,3,0,20,0.9,6,9,464,16,1,0,1,0
1002,1,1.8,0,1,0,45,0.7,7,7,1234,18,1,1,0,0
742,1,0.5,0,0,1,36,0.7,3,1,292,6,1,1,1,0
1306,1,2.1,1,2,1,33,0.4,3,9,2521,16,1,0,0,2
1424,1,2.9,1,0,0,20,0.6,5,0,2658,19,1,0,0,2
942,0,1.4,1,8,0,27,0.5,4,9,587,13,0,1,1,0
1934,1,2.7,0,8,1,2,0.1,4,16,2190,9,1,0,1,2
1290,1,1.4,1,19,1,35,0.3,4,20,879,8,1,0,0,0
930,0,2.1,1,0,0,54,0.9,1,13,1743,9,0,1,0,2
1699,1,0.5,0,16,0,21,0.1,4,20,1181,18,1,1,0,1
1849,1,0.5,0,1,0,29,0.5,7,12,3330,15,1,0,1,3
1922,0,0.5,0,15,1,42,0.6,8,16,3564,17,1,0,0,3
548,0,1.0,1,0,1,56,0.4,4,14,562,8,1,1,1,0
916,1,0.5,0,0,1,47,0.2,4,1,1659,11,1,1,0,1
1783,1,0.5,0,8,0,14,0.6,8,11,1816,7,0,0,1,2
1083,1,1.4,1,2,1,49,0.8,5,9,1338,5,1,1,1,0
1698,0,2.8,0,10,1,7,0.8,8,12,2992,17,1,1,0,2
1969,0,0.8,1,5,1,7,0.2,8,20,315,7,1,1,0,0
869,0,1.9,0,0,0,2,0.6,7,3,3249,12,0,0,1,2
1337,1,2.7,1,0,0,5,0.7,4,1,3242,20,0,1,0,2
637,1,0.8,1,2,0,28,0.6,4,6,2725,7,0,0,0,2
833,1,0.6,1,0,1,27,0.3,4,2,586,19,1,0,1,0
1248,0,2.4,0,6,1,9,0.4,3,8,2454,13,1,1,0,2
1174,1,0.9,0,7,0,30,1.0,4,20,804,16,0,1,1,0
1831,1,2.3,0,3,1,44,0.2,7,14,2460,18,1,0,0,2
1002,0,2.6,1,7,0,27,0.1,1,10,1295,17,1,0,1,0
1010,1,2.0,1,2,1,8,0.9,5,3,2625,12,1,1,0,2
1117,1,0.5,1,2,0,21,0.1,2,19,1999,2,1,0,1,1
990,1,2.7,1,3,0,15,0.9,2,7,2698,6,1,0,0,2
1564,0,1.4,0,5,1,26,0.1,6,16,3742,13,1,1,0,3
1065,0,2.8,1,0,1,21,0.1,5,3,1193,20,1,0,1,1
1982,0,1.1,0,12,0,24,0.1,7,16,3511,15,1,1,1,3
1607,0,1.1,1,6,1,20,1.0,2,8,885,14,1,1,0,0
1066,0,3.0,1,6,1,5,0.5,5,7,1044,11,1,0,0,0
681,0,0.5,1,12,1,17,0.9,5,19,2548,5,1,0,1,2
1163,1,2.1,1,0,1,19,0.9,2,1,2940,15,1,0,1,2
1285,0,0.8,1,4,1,11,0.8,5,7,3966,2,1,1,1,3
753,1,0.5,0,11,1,48,0.1,8,20,3484,16,1,0,0,3
1779,1,2.6,1,2,0,5,0.8,1,3,1246,20,0,1,0,1
987,1,1.9,0,4,1,52,0.5,3,8,2757,15,1,1,0,2
511,0,0.9,1,15,1,24,0.6,3,18,2378,4,1,0,0,1
1044,0,1.8,0,4,1,12,0.7,6,5,1794,19,1,1,1,1
1855,0,0.5,0,5,0,32,0.6,8,18,3933,7,1,0,1,3
946,1,1.4,0,9,0,26,0.1,6,10,1637,6,1,0,1,0
657,1,1.9,1,2,0,21,0.1,8,8,783,11,1,1,0,0
1673,1,1.6,0,2,0,42,0.5,5,6,3094,20,0,0,0,2
731,1,0.5,1,0,1,28,0.5,8,0,1774,10,1,0,0,1
926,1,0.8,0,6,1,59,0.8,7,14,256,2,1,0,1,0
1261,0,0.5,0,3,1,52,0.3,2,9,1365,16,1,0,1,1
618,0,1.1,0,11,1,45,0.2,3,20,2339,10,1,1,0,2
936,1,2.3,0,5,1,57,0.2,2,6,2049,5,1,1,0,1
1485,1,0.9,1,0,1,28,0.8,5,1,3241,11,1,1,0,3
1339,1,0.5,1,10,1,21,0.5,4,11,867,3,1,1,0,0
508,1,1.3,0,1,0,50,0.7,5,9,2175,14,0,0,1,1
1938,1,0.5,1,5,0,44,0.5,2,9,3497,18,0,1,0,3
995,0,1.3,1,1,0,10,0.1,4,3,609,5,1,0,1,0
1086,1,1.7,1,0,1,43,0.2,6,1,3285,17,1,1,0,2
1322,0,2.3,1,1,1,35,0.1,1,3,3684,6,1,0,0,3
1864,0,1.9,1,2,0,57,0.1,6,6,3586,8,0,0,1,3
1944,1,0.5,0,1,1,26,0.5,4,9,2322,7,1,0,1,2
581,0,0.6,0,5,1,56,0.2,2,10,354,13,1,1,1,0
1020,1,0.7,1,3,1,27,0.7,4,4,3204,9,1,0,1,3
1936,0,1.3,0,2,0,44,0.1,3,3,1400,3,0,0,1,1
1329,1,1.7,0,5,1,23,0.6,8,6,2308,9,1,1,0,1
808,1,0.5,1,3,0,46,0.5,8,15,1082,10,1,0,1,0
994,0,1.2,1,4,0,40,0.9,2,17,3104,11,0,0,0,2
1811,1,2.0,0,3,1,22,0.2,2,8,2847,4,1,0,1,2
765,1,2.5,0,3,0,44,0.3,8,11,2256,19,0,1,1,2
993,1,2.3,1,0,0,16,0.4,7,13,1113,6,0,0,1,0
1136,1,1.6,0,15,0,32,0.5,6,19,3210,8,1,1,1,3
719,1,0.5,1,0,1,23,0.4,6,9,3990,12,1,1,1,3
733,1,0.6,1,0,0,63,0.3,7,10,984,9,1,0,1,0
1946,0,2.7,1,8,0,8,0.3,8,19,3117,2,1,0,0,3
1230,1,1.6,0,0,1,48,0.7,7,2,1622,16,1,1,1,2
1577,0,1.0,1,0,1,64,0.1,3,7,2967,7,1,1,1,3
1514,1,1.4,0,3,1,12,0.6,3,4,1037,15,1,0,1,0
579,1,2.5,0,3,0,7,1.0,8,10,2908,11,0,0,1,2
574,1,3.0,0,1,1,30,0.9,2,3,1167,19,1,0,0,0
1072,1,2.2,1,6,0,19,0.4,8,16,2715,16,0,1,0,2
843,0,1.3,1,1,0,16,0.9,7,4,1734,14,0,0,1,1
1492,1,1.5,0,5,0,11,0.9,3,7,2259,19,0,1,1,3
1807,1,2.9,0,0,0,16,0.2,3,0,2921,17,0,1,0,3
909,1,0.7,1,7,0,47,0.1,3,9,1244,16,0,1,0,0
1876,0,1.3,1,9,1,64,1.0,3,19,3132,2,1,1,1,3
1436,1,2.4,1,3,1,23,0.3,5,4,2488,8,1,0,0,2
1251,0,0.5,1,10,1,29,0.7,6,16,1052,11,1,0,0,0
636,0,0.5,0,8,1,28,0.9,2,15,2927,3,1,0,0,2
1354,1,0.7,1,3,1,26,0.5,4,6,2090,13,1,1,0,1
930,1,0.5,1,3,1,34,0.5,4,16,2131,6,1,0,1,2
1830,1,1.0,0,7,1,47,0.3,1,11,3362,11,1,0,0,3
1424,0,0.5,1,16,1,23,0.6,4,18,1053,16,1,1,1,1
583,1,0.9,1,1,0,51,0.9,8,2,1799,7,0,1,0,1
648,1,0.5,1,9,1,54,0.4,5,20,3124,13,1,0,0,3
1203,1,0.5,1,0,1,11,0.9,2,12,1672,19,1,1,0,0
1777,0,2.2,1,0,0,15,0.2,4,7,1552,10,1,1,0,1
1299,1,2.8,1,0,0,64,0.5,6,6,1938,5,1,0,1,1
1494,0,1.9,0,2,1,47,0.4,2,9,3202,14,1,0,0,3
527,0,0.7,1,4,0,53,0.9,1,11,1302,13,0,0,0,0
793,1,2.8,1,1,1,64,0.4,4,2,2296,5,1,1,0,1
873,1,0.5,1,6,0,8,0.6,7,9,575,7,1,0,1,0
722,0,1.1,0,12,0,12,1.0,6,20,2359,3,0,0,0,1
1250,1,1.5,0,14,1,20,0.4,5,18,3314,6,1,1,1,2
1358,0,1.7,0,0,0,60,0.6,3,1,440,13,1,0,0,0
1035,1,1.9,1,8,0,11,1.0,6,10,2002,5,1,1,0,1
1289,0,0.8,1,3,1,16,0.9,6,17,3167,20,1,1,0,3
1445,0,2.2,1,2,0,37,0.4,2,6,3480,17,1,1,1,3
1702,1,2.3,1,12,1,47,0.6,2,19,595,19,1,0,1,1
534,0,0.5,1,4,0,2,0.2,5,16,2466,18,0,1,1,2
628,1,1.8,0,5,0,60,0.2,6,6,1337,14,0,1,0,1
713,0,1.4,1,4,0,53,0.8,1,17,1462,13,1,0,1,0
1207,0,0.5,0,0,0,58,0.3,8,0,503,5,1,1,0,0
683,1,2.1,0,7,0,30,0.1,7,8,2066,15,0,0,0,1
594,1,2.6,0,1,0,27,0.1,5,2,708,17,0,1,1,0
537,1,2.0,0,1,1,55,0.3,7,2,2029,12,1,1,1,1
1565,1,0.5,0,0,0,38,0.1,5,1,308,7,1,1,1,0
1052,0,0.9,0,1,0,6,0.8,4,16,552,11,0,0,1,0
713,0,1.6,0,4,1,63,0.7,2,8,2082,12,1,0,0,1
1766,1,0.5,1,1,0,16,0.6,5,7,3314,17,0,0,1,3
584,1,1.7,1,1,1,19,0.4,4,4,3996,17,1,1,1,3
1541,1,1.5,1,6,1,5,0.5,4,10,1795,4,1,1,1,1
837,0,2.4,1,1,0,51,0.2,5,15,594,20,1,0,1,0
935,1,0.5,1,3,1,58,0.1,5,12,2473,9,1,0,1,2
665,1,0.7,0,0,1,31,0.1,5,2,690,15,1,0,0,0
680,1,2.4,0,13,1,34,0.4,2,17,3845,4,1,1,1,3
877,0,1.5,1,0,1,17,0.1,7,0,2004,9,1,1,1,1
1493,0,1.5,1,13,0,53,0.5,5,16,2083,20,0,1,1,2
1762,0,0.6,0,3,1,26,0.1,6,14,2661,4,1,1,0,2
842,1,1.8,1,4,0,57,1.0,3,10,1903,14,0,1,0,1
925,1,2.1,0,9,0,56,0.2,1,14,2466,5,1,0,0,2
1692,0,2.1,0,4,1,2,0.9,1,17,3779,7,1,1,1,3
1576,1,2.2,0,8,0,5,0.7,3,17,3904,7,1,1,1,3
1065,0,1.7,1,4,1,48,0.3,6,8,265,12,1,0,0,0
958,1,1.6,0,9,1,60,0.4,1,12,1417,19,1,0,1,0
623,1,0.8,0,6,1,26,0.3,7,12,1769,16,1,0,0,1
897,0,1.4,1,1,0,17,0.4,1,2,2948,5,0,0,1,2
1110,0,1.5,0,4,1,41,0.1,3,16,2572,16,1,0,1,2
616,1,2.2,0,3,1,21,0.8,7,4,3267,19,1,0,0,2
1680,1,1.2,1,6,1,37,0.7,4,7,1459,2,1,1,0,1
1715,0,1.3,0,0,1,12,0.3,8,6,1633,5,1,1,1,2
983,0,0.6,1,0,1,45,0.1,4,11,2052,6,1,0,1,1
720,1,0.9,1,12,1,14,0.8,4,14,1086,3,1,1,0,0
1660,0,0.6,0,2,1,24,0.8,2,3,2402,14,1,1,1,2
1564,0,1.5,1,1,0,42,0.7,2,2,3376,7,0,1,0,3
592,0,0.8,1,1,0,52,0.9,7,10,1507,4,0,0,1,0
969,0,1.8,1,2,1,44,0.6,3,7,641,8,1,0,1,0
1356,1,0.5,1,0,0,35,0.8,1,19,3451,17,1,1,1,3
504,1,1.0,0,8,0,14,0.5,7,9,1607,10,1,1,1,0
1546,1,0.5,1,3,1,6,0.2,1,4,3521,9,1,0,0,3
689,0,2.9,1,3,1,7,0.8,2,6,1241,16,1,0,0,0
1685,0,0.6,0,14,0,16,0.6,7,15,881,17,0,1,1,0
1792,1,1.0,0,3,1,62,0.3,7,8,2563,15,1,0,1,3
1786,0,1.2,0,11,0,61,0.1,3,14,3033,17,0,1,0,3
1944,0,0.6,1,9,1,59,0.2,7,10,769,3,1,0,1,0
1077,1,2.5,0,13,1,49,0.6,4,14,3454,2,1,0,1,3
648,1,1.8,0,1,1,60,0.1,4,4,819,4,1,0,0,0
1702,1,0.5,1,8,0,2,0.6,6,19,435,3,0,1,1,0
1571,0,2.9,0,1,0,30,0.9,7,3,586,4,0,1,1,0
856,1,1.1,1,14,1,19,0.7,6,19,650,10,1,0,1,0
1786,0,2.6,0,6,0,14,1.0,4,15,3038,14,1,0,0,3
914,1,0.7,0,1,1,60,0.9,5,4,3736,5,1,0,0,3
1615,1,2.8,0,3,0,9,0.9,1,13,2948,3,1,1,0,2
649,1,1.4,0,4,1,19,0.8,7,12,739,2,1,1,0,0
1646,0,2.5,0,3,1,25,0.6,2,5,686,11,1,1,0,0
1189,1,1.9,0,5,0,7,0.5,2,20,841,11,0,1,0,0
1043,0,2.7,0,3,0,29,0.2,8,17,1183,8,1,0,0,0
1920,0,0.6,1,3,1,19,0.5,3,8,3943,4,1,1,0,3
1220,1,2.8,0,1,0,54,0.7,7,20,1037,15,1,0,0,0
1748,1,0.5,1,11,1,53,0.5,4,20,2633,9,1,0,0,2
907,1,2.6,1,7,0,44,0.2,3,12,3911,8,0,0,0,3
1193,1,2.3,0,7,0,20,1.0,7,13,1958,2,1,0,0,2
1766,1,0.5,1,1,1,22,0.8,8,4,3297,16,1,0,0,3
1278,1,1.0,0,7,1,24,0.8,3,16,3141,11,1,1,1,3
1234,0,1.7,1,8,0,17,0.9,6,15,3351,19,0,0,1,2
1961,1,1.5,0,10,0,55,0.5,7,20,2355,6,1,1,1,3
1745,0,2.9,0,0,1,3,0.9,3,0,1308,2,1,1,0,1
1442,0,0.6,1,1,0,27,0.4,5,8,991,7,1,0,0,0
1083,1,2.9,1,1,1,39,1.0,8,2,3248,6,1,0,1,2
868,1,0.9,0,5,0,5,0.4,4,7,1519,2,0,0,1,0
864,0,1.6,1,0,1,53,0.3,6,1,493,10,1,1,0,0
1142,1,1.2,0,0,0,2,0.6,6,0,1747,14,0,1,0,1
608,1,0.5,1,0,0,64,0.9,4,0,2517,7,1,1,1,1
983,0,1.8,0,0,1,53,0.9,1,4,1389,8,1,1,1,1
1720,0,1.6,0,18,1,2,0.8,5,20,2522,2,1,0,1,2
1802,1,1.2,1,8,0,27,0.5,5,16,1885,7,1,1,0,2
591,0,2.1,1,18,1,16,0.5,7,20,704,4,1,1,1,0
1205,1,2.7,0,5,0,10,0.1,6,10,953,20,0,1,1,0
1369,1,1.7,1,3,0,28,0.6,1,18,3206,4,0,0,0,3
713,0,0.9,1,0,0,42,0.1,1,14,928,9,0,0,1,0
1082,0,2.3,1,11,0,2,1.0,4,20,2177,17,0,1,0,1
1719,1,2.1,1,0,0,52,0.1,3,1,2610,11,1,1,1,2
1544,0,2.4,0,18,1,12,0.1,7,20,489,2,1,0,1,0
1090,1,2.3,0,1,1,8,0.6,8,8,3839,11,1,0,1,3
1991,0,2.8,0,3,1,15,0.1,1,13,1861,17,1,1,1,1
1367,0,2.9,0,4,0,56,0.8,2,6,299,10,0,1,0,0
1179,1,0.5,0,7,1,32,0.3,2,12,340,16,1,0,0,0
721,1,2.7,1,1,1,15,0.2,5,18,3606,5,1,1,1,3
1549,1,1.8,1,0,0,62,0.7,4,4,799,9,1,0,1,0
1349,1,2.1,1,3,0,46,0.9,6,12,2367,10,1,0,1,1
1799,0,1.0,0,1,1,30,0.6,3,9,445,10,1,1,0,0
1075,0,0.5,1,2,0,11,0.2,1,16,3927,7,1,0,0,3
684,1,0.9,1,3,1,63,1.0,5,9,3756,12,1,1,1,3
1837,0,0.5,0,9,0,36,0.9,4,20,770,15,0,0,1,0
1619,1,1.9,0,2,1,21,0.4,1,9,1641,13,1,0,0,1
965,1,1.4,0,1,0,13,0.9,8,2,2343,15,1,0,0,2
730,0,1.5,0,9,0,9,0.7,4,15,2787,7,1,0,1,2
1361,1,1.4,0,1,0,47,1.0,5,2,2495,16,0,0,1,2
1494,0,1.6,0,3,1,45,0.8,5,4,3208,4,1,0,0,3
1027,1,0.8,0,7,0,18,1.0,7,11,1234,14,1,0,1,0
1807,0,0.8,1,0,1,38,0.2,8,0,1069,7,1,0,0,1
709,0,2.4,1,1,0,11,0.1,5,11,3568,3,0,0,1,3
689,0,1.4,0,2,0,45,0.5,5,11,3585,10,1,0,0,3
955,1,0.5,0,2,0,2,0.6,4,10,1974,18,1,1,0,1
1872,1,1.9,0,5,0,35,0.6,3,14,2419,19,0,0,0,3
1259,0,1.2,1,0,0,13,0.5,2,0,340,4,1,0,1,0
695,0,1.2,0,1,1,41,0.4,8,8,2282,17,1,1,0,1
1969,0,1.2,1,9,0,63,0.2,4,11,298,10,1,1,0,0
759,0,2.5,0,3,1,39,0.3,2,8,968,2,1,0,0,0
936,0,1.0,0,1,0,18,0.2,3,18,2391,3,1,1,1,2
1176,1,2.1,0,2,1,62,0.5,2,10,1534,17,1,0,0,1
1802,0,2.7,1,0,1,10,0.6,7,9,696,3,1,1,0,0
772,0,1.0,1,0,1,23,0.6,7,11,2782,17,1,0,0,2
1318,1,2.4,0,1,1,45,0.1,2,7,755,9,1,0,1,0
591,1,0.5,1,1,1,16,0.9,6,17,3746,5,1,1,0,3
569,1,2.5,1,0,0,41,0.3,1,1,2651,4,0,0,0,1
764,0,1.0,1,9,1,45,0.5,8,11,1341,12,1,0,0,0
1056,1,2.1,1,8,1,37,0.7,3,11,2651,3,1,1,1,2
1982,1,1.6,0,2,1,12,0.2,5,20,1824,14,1,1,1,1
1830,1,0.5,0,5,0,14,0.8,6,6,1905,19,1,1,1,2
1122,0,0.5,0,0,1,40,0.3,7,14,1456,20,1,1,0,1
1023,1,0.7,0,2,1,63,0.7,7,8,3155,7,1,1,1,3
1283,1,2.4,1,8,1,33,1.0,3,15,773,2,1,1,0,0
1602,0,1.6,1,0,1,35,0.1,7,7,1829,13,1,0,0,2
732,1,1.3,0,5,1,32,0.4,8,7,3883,5,1,0,1,3
1854,0,0.9,1,0,1,33,0.4,1,0,1675,9,1,0,1,1
718,1,1.6,1,1,1,30,0.4,3,12,1601,12,1,1,1,1
897,1,2.0,0,3,1,2,0.6,8,10,1958,7,1,1,0,1
1405,0,1.7,0,0,0,8,0.3,4,7,2376,11,0,1,0,2
798,0,0.6,1,6,1,21,0.5,2,12,1647,3,1,0,0,1
1035,1,2.7,0,1,0,40,0.2,5,15,3548,5,0,1,1,3
1396,1,0.6,0,0,0,37,0.7,4,15,2694,19,0,0,1,2
1749,1,0.5,1,7,1,49,0.8,1,8,2195,4,1,0,1,2
1588,1,2.5,0,12,1,4,0.3,5,20,2506,11,1,0,0,2
1600,0,0.5,0,1,1,16,0.3,4,16,2073,4,1,1,0,2
1522,0,2.2,0,4,0,21,0.7,6,11,3767,16,0,0,1,3
1279,1,2.5,0,5,1,7,0.5,6,6,1150,7,1,0,0,1
719,0,2.9,0,7,0,6,0.7,6,8,841,2,1,0,0,0
544,1,0.5,1,2,1,7,0.2,5,15,1675,17,1,1,0,0
1007,1,2.9,1,5,1,21,0.8,8,12,1301,12,1,1,0,0
590,1,1.2,1,0,0,32,0.4,6,1,1817,6,0,1,0,0
1788,0,0.5,0,0,1,6,0.2,6,16,2321,20,1,1,0,2
748,0,1.4,0,0,0,25,1.0,7,14,1974,13,0,1,1,1
757,1,0.9,1,4,0,64,0.5,7,5,3433,10,1,1,0,2
1561,1,1.6,1,1,1,27,0.8,3,10,1205,3,1,1,0,1
1327,0,2.8,0,10,0,23,0.5,7,16,872,4,1,1,1,0
797,1,1.5,1,4,0,18,0.6,8,20,2052,14,1,1,1,1
727,1,2.5,1,0,1,64,0.2,1,9,3654,16,1,1,0,3
686,1,2.7,1,0,0,36,0.1,4,1,1503,13,0,0,0,0
1515,1,2.1,1,4,1,24,0.9,5,6,3104,20,1,0,0,3
555,1,0.5,1,2,0,17,0.2,5,12,343,3,0,1,1,0
1589,0,0.6,0,0,0,5,0.8,5,2,3430,19,1,1,1,3
1976,1,2.6,1,6,0,45,1.0,4,19,2470,3,0,0,0,3
1884,0,1.0,1,3,0,24,0.5,6,4,1396,9,1,1,1,1
1063,0,2.0,0,0,0,27,0.2,6,7,2668,19,0,0,0,2
672,1,0.6,1,13,0,61,0.1,5,20,1457,20,1,0,1,0
635,1,0.5,0,9,0,16,1.0,7,17,2452,8,1,0,0,2
1906,1,1.9,1,3,0,55,0.2,3,4,1871,4,1,0,1,1
1753,0,0.7,0,4,0,40,0.6,4,11,1112,15,1,1,1,1
659,0,1.4,1,2,1,3,0.1,8,6,967,14,1,0,1,0
1583,0,1.2,1,0,0,14,0.2,2,4,2498,8,0,0,1,2
1783,0,2.9,1,2,0,42,0.7,6,8,387,3,0,1,0,1
1667,0,1.0,1,0,1,21,0.9,2,0,635,15,1,0,0,0
640,0,1.3,1,5,1,6,0.6,8,20,2711,8,1,1,0,2
1913,1,1.8,0,0,0,29,0.6,5,4,2023,8,1,1,0,2
538,0,1.1,1,0,1,25,0.3,7,7,2215,17,1,1,1,1
1191,0,0.8,0,6,1,46,0.8,6,9,824,7,1,0,0,0
816,0,3.0,1,2,0,9,0.1,1,3,3851,14,1,0,1,3
915,1,0.5,1,9,1,33,0.3,2,16,2156,13,1,1,0,1
1157,1,0.8,0,7,0,27,0.1,8,8,2885,2,1,0,1,3
1201,1,0.5,0,2,0,10,1.0,7,7,495,14,1,1,1,0
1379,0,1.1,1,1,1,18,0.2,2,16,2358,15,1,1,0,2
1483,1,2.2,0,3,1,53,0.7,5,11,1744,10,1,0,0,1
1614,0,1.2,0,1,1,9,0.1,3,2,1832,11,1,0,0,1
930,1,1.0,1,4,1,4,0.9,8,10,2016,16,1,1,1,1
1454,0,2.6,0,8,0,6,0.4,3,20,1300,2,0,0,1,1
1784,0,1.6,0,4,0,41,0.4,6,20,2313,11,0,1,0,2
1262,0,1.8,1,12,0,34,0.1,5,16,3248,4,0,1,1,2
797,0,2.2,1,0,0,37,0.9,7,2,2216,6,1,0,0,1
1829,1,2.1,0,8,0,59,0.1,5,15,3142,5,1,1,1,3
1139,1,0.9,1,6,1,58,0.5,2,11,1850,8,1,0,0,1
618,1,1.0,0,9,1,13,0.1,4,15,1424,7,1,1,0,0
1547,1,2.9,0,2,0,57,0.4,1,3,1620,19,0,1,1,1
586,0,2.8,0,2,0,15,0.2,3,11,2592,3,0,0,0,1
1617,1,2.4,0,8,1,36,0.8,1,9,296,7,1,0,0,0
1882,0,2.0,0,11,1,44,0.8,8,19,3579,20,1,1,0,3
674,1,2.9,1,1,0,21,0.2,3,4,1180,4,1,1,1,0
1467,1,0.5,0,0,0,18,0.6,5,0,3962,5,1,1,1,3
858,0,2.2,0,1,0,50,0.1,1,2,3978,3,1,1,0,3
794,1,0.5,1,0,1,2,0.8,6,14,668,19,1,1,0,0
1965,1,2.6,1,0,0,39,0.2,4,3,2032,16,1,1,1,2
1911,0,0.9,1,1,1,36,0.7,8,3,3057,5,1,1,0,3
1512,0,0.9,0,4,1,46,0.1,5,5,869,19,1,1,1,0
510,1,2.0,1,5,1,45,0.9,6,16,3919,2,1,1,1,3
